Workbook

Sheet 1_Original_Dataset
A1: Original Dataset — 320 rows x 14 columns (values only — source of truth)
A2: store_id | B2: month | C2: region | D2: store_type | E2: marketing_spend | F2: footfall | G2: avg_discount_pct | H2: staff_count | I2: inventory_availability_pct | J2: competitor_distance_km | K2: holiday_flag | L2: customer_rating | M2: monthly_sales | N2: monthly_profit
A3: STR-1001 | B3: 45658 | C3: East | D3: Residential | E3: 70389.11 | F3: 8302 | G3: 0.042 | H3: 17 | I3: 75 | J3: 5.28 | K3: 1 | L3: 3.1 | M3: 658832.62 | N3: 84349.93
A4: STR-1001 | B4: 45689 | C4: East | D4: Residential | E4: 43827.89 | F4: 8487 | G4: 0.168 | H4: 23 | I4: 84.4 | J4: 4.31 | K4: 0 | L4: 2.8 | M4: 634436 | N4: 106130.54
A5: STR-1001 | B5: 45717 | C5: East | D5: Residential | E5: 59921.75 | F5: 9113 | G5: 0.133 | H5: 20 | I5: 88 | J5: 12 | K5: 0 | L5: 3.2 | M5: 678722.06 | N5: 101883.86
A6: STR-1001 | B6: 45748 | C6: East | D6: Residential | E6: 56856.63 | F6: 9431 | G6: 0.142 | H6: 23 | I6: 86.9 | J6: 4.97 | K6: 0 | L6: 3.4 | M6: 658920.3 | N6: 97910.37
A7: STR-1002 | B7: 45658 | C7: East | D7: High Street | E7: 48412.64 | F7: 9545 | G7: 0.231 | H7: 21 | I7: 97.6 | J7: 6.94 | K7: 1 | L7: 4.2 | M7: 741341.44 | N7: 119208.17
A8: STR-1002 | B8: 45689 | C8: East | D8: High Street | E8: 64811.21 | F8: 9792 | G8: 0.112 | H8: 20 | I8: 84.2 | J8: 2.88 | K8: 0 | L8: 4.2 | M8: 761835.34 | N8: 149602.23
A9: STR-1002 | B9: 45717 | C9: East | D9: High Street | E9: 46213.45 | F9: 10616 | G9: 0.122 | H9: 22 | I9: 85.2 | J9: 0.2 | K9: 1 | L9: 4.1 | M9: 806615.54 | N9: 131364.62
A10: STR-1002 | B10: 45748 | C10: East | D10: High Street | E10: 68148.52 | F10: 8567 | G10: 0.127 | H10: 23 | I10: 95.6 | J10: 0.8 | K10: 0 | L10: 3.9 | M10: 850164.26 | N10: 149262.75
A11: STR-1003 | B11: 45658 | C11: North | D11: Airport | E11: 71838.86 | F11: 10979 | G11: 0.215 | H11: 26 | I11: 88.6 | J11: 7.7 | K11: 1 | L11: 3.8 | M11: 930581.7 | N11: 136207.98
A12: STR-1003 | B12: 45689 | C12: North | D12: Airport | E12: 68133.44 | F12: 9459 | G12: 0.22 | H12: 21 | I12: 85 | J12: 1.91 | K12: 0 | L12: 4.2 | M12: 779010.94 | N12: 106328.09
A13: STR-1003 | B13: 45717 | C13: North | D13: Airport | E13: 34285.21 | F13: 9172 | G13: 0.213 | H13: 22 | I13: 88.3 | J13: 10.46 | K13: 1 | L13: 3.8 | M13: 723060.76 | N13: 123131.24
A14: STR-1003 | B14: 45748 | C14: North | D14: Airport | E14: 67979.88 | F14: 11230 | G14: 0.002 | H14: 28 | I14: 85.3 | J14: 7.16 | K14: 0 | L14: 3.8 | M14: 910791.94 | N14: 158891.28
... A35: STR-1009 | B35: 45658 | C35: North | D35: Residential | E35: 54597.83 | F35: 9429 | G35: 0.188 | H35: 21 | I35: 83.3 | J35: 11.71 | K35: 0 | L35: 4.2 | M35: 641865.03 | N35: 81342.58
A36: STR-1009 | B36: 45689 | C36: North | D36: Residential | E36: 73771.91 | F36: 11695 | G36: 0.07 | H36: 25 | I36: 84.7 | J36: 0.62 | K36: 0 | M36: 799477.76 | N36: 164974.41
A37: STR-1009 | B37: 45717 | C37: North | D37: Residential | E37: 74413.88 | F37: 9449 | G37: 0.039 | H37: 23 | I37: 92.1 | J37: 2.12 | K37: 0 | L37: 3.5 | M37: 798952.17 | N37: 161499.04
A38: STR-1009 | B38: 45748 | C38: North | D38: Residential | E38: 52483.77 | F38: 10453 | G38: 0.247 | H38: 25 | I38: 99 | J38: 6.31 | K38: 0 | L38: 3.6 | M38: 800979.78 | N38: 149242.27
A39: STR-1010 | B39: 45658 | C39: North | D39: Mall | E39: 75269.87 | F39: 8838 | G39: 0.092 | H39: 21 | I39: 83.1 | J39: 9.56 | K39: 1 | L39: 4.2 | M39: 820593.93 | N39: 115860.06
A40: STR-1010 | B40: 45689 | C40: North | D40: Mall | E40: 61245.41 | F40: 8156 | G40: 0.156 | H40: 19 | I40: 92.9 | J40: 9.05 | K40: 0 | L40: 3.8 | M40: 718330.53 | N40: 93247.9
A41: STR-1010 | B41: 45717 | C41: North | D41: Mall | E41: 93381.26 | F41: 7562 | G41: 0.198 | H41: 19 | I41: 82.9 | J41: 5.05 | K41: 0 | L41: 4 | M41: 736633.4 | N41: 115654.66
A42: STR-1010 | B42: 45748 | C42: North | D42: Mall | E42: 65012.19 | F42: 9598 | G42: 0.085 | H42: 24 | I42: 98.3 | J42: 0.89 | K42: 0 | L42: 3.8 | M42: 828623.85 | N42: 167320.52
A43: STR-1011 | B43: 45658 | C43: East | D43: Mall | E43: 40462.94 | F43: 3660 | G43: 0.218 | H43: 11 | I43: 95.2 | J43: 5.57 | K43: 0 | L43: 4.4 | M43: 592195.85 | N43: 92291.56
A44: STR-1011 | B44: 45689 | C44: East | D44: Mall | E44: 46123.88 | F44: 3227 | G44: 0.143 | H44: 10 | I44: 75.4 | J44: 1.06 | K44: 0 | L44: 4.4 | M44: 532644.46 | N44: 60681.32
A45: STR-1011 | B45: 45717 | C45: East | D45: Mall | E45: 68077.54 | F45: 3360 | G45: 0.128 | H45: 14 | I45: 88.2 | J45: 1.24 | K45: 1 | L45: 4 | M45: 657429.18 | N45: 88919.74
A46: STR-1011 | B46: 45748 | C46: East | D46: Mall | E46: 64882.14 | F46: 3642 | G46: 0.019 | H46: 13 | I46: 87.8 | J46: 4.52 | K46: 0 | L46: 4.2 | M46: 605178 | N46: 106958.74
A47: STR-1012 | B47: 45658 | C47: West | D47: Residential | E47: 138855.51 | F47: 5145 | G47: 0.06 | H47: 17 | I47: 88.2 | J47: 9.58 | K47: 0 | L47: 3.2 | M47: 595467.6 | N47: 104276.46
A48: STR-1012 | B48: 45689 | C48: West | D48: Residential | E48: 63630.21 | F48: 4460 | G48: 0.235 | H48: 14 | I48: 98.6 | J48: 5.52 | K48: 0 | L48: 3.5 | M48: 599603.4 | N48: 112685.12
... A73: STR-1018 | B73: 45717 | C73: East | D73: High Street | E73: 60571.82 | F73: 3193 | G73: 0.197 | H73: 7 | I73: 99 | J73: 1.43 | K73: 0 | L73: 3.2 | M73: 605023.87 | N73: 98545.81
A74: STR-1018 | B74: 45748 | C74: East | D74: High Street | E74: 55081.16 | F74: 5485 | G74: 0.036 | H74: 12 | I74: 88 | K74: 0 | L74: 3.5 | M74: 674774.09 | N74: 141917.59
A75: STR-1019 | B75: 45658 | C75: East | D75: Residential | E75: 46201.46 | F75: 5918 | G75: 0.277 | H75: 13 | I75: 78.8 | J75: 4.91 | K75: 0 | L75: 4.5 | M75: 616069.41 | N75: 54453.99
A76: STR-1019 | B76: 45689 | C76: East | D76: Residential | E76: 53762.92 | F76: 6821 | G76: 0.066 | H76: 19 | I76: 94.6 | J76: 7.03 | K76: 0 | L76: 4.4 | M76: 630829.94 | N76: 117090.02
A77: STR-1019 | B77: 45717 | C77: East | D77: Residential | E77: 70144.78 | F77: 6806 | G77: 0.178 | H77: 20 | I77: 93.1 | J77: 0.28 | K77: 1 | L77: 4.3 | M77: 788087.68 | N77: 116803.42
A78: STR-1019 | B78: 45748 | C78: East | D78: Residential | E78: 58749.63 | F78: 8252 | G78: 0.203 | H78: 20 | I78: 85.2 | J78: 3.61 | K78: 0 | L78: 4.5 | M78: 680840.36 | N78: 68007.68
A79: STR-1020 | B79: 45658 | C79: South | D79: High Street | E79: 56973.18 | F79: 6662 | G79: 0.1 | H79: 15 | I79: 77.7 | J79: 7.52 | K79: 1 | L79: 3.2 | M79: 643657.47 | N79: 87022.45
A80: STR-1020 | B80: 45689 | C80: South | D80: High Street | E80: 54872.82 | F80: 5962 | G80: 0.064 | H80: 12 | I80: 85.4 | J80: 2.58 | K80: 0 | L80: 2.9 | M80: 691112.6 | N80: 109212.83
A81: STR-1020 | B81: 45717 | C81: South | D81: High Street | E81: 80562.81 | F81: 7470 | G81: 0.172 | H81: 16 | I81: 83.5 | J81: 2.29 | K81: 0 | L81: 3.3 | M81: 776922.17 | N81: 150701.93
A82: STR-1020 | B82: 45748 | C82: South | D82: High Street | E82: 77999.9 | F82: 5974 | G82: 0.252 | H82: 14 | I82: 81.3 | J82: 2.39 | K82: 0 | L82: 3.2 | M82: 636561.34 | N82: 93861.06
A83: STR-1021 | B83: 45658 | C83: West | D83: Mall | E83: 60881.01 | F83: 5410 | G83: 0.179 | H83: 15 | I83: 83.9 | J83: 5.24 | K83: 0 | L83: 4.6 | M83: 621369.58 | N83: 85493.64
A84: STR-1021 | B84: 45689 | C84: West | D84: Mall | E84: 60628.38 | F84: 4451 | G84: 0.095 | H84: 10 | I84: 89.6 | J84: 3.17 | K84: 0 | L84: 4.6 | M84: 682208.01 | N84: 110318.84
A85: STR-1021 | B85: 45717 | C85: West | D85: Mall | E85: 72731.14 | F85: 4644 | G85: 0.084 | H85: 15 | I85: 87.1 | J85: 2.66 | K85: 0 | L85: 4.6 | M85: 727241.86 | N85: 155810.3
A86: STR-1021 | B86: 45748 | C86: West | D86: Mall | E86: 36475.71 | F86: 3559 | G86: 0.03 | H86: 8 | I86: 83.6 | J86: 1.41 | K86: 0 | L86: 4.2 | M86: 569100.78 | N86: 104808.78
A87: STR-1022 | B87: 45658 | C87: West | D87: High Street | E87: 55388.11 | F87: 3091 | G87: 0.108 | H87: 7 | I87: 85.4 | J87: 7.34 | K87: 0 | L87: 4.9 | M87: 574436.29 | N87: 80271.99
A88: STR-1022 | B88: 45689 | C88: West | D88: High Street | E88: 88443.77 | F88: 4004 | G88: 0.206 | H88: 11 | I88: 91.9 | J88: 5.95 | K88: 0 | M88: 611766.72 | N88: 88275.61
A89: STR-1022 | B89: 45717 | C89: West | D89: High Street | E89: 78231.91 | F89: 3788 | G89: 0.059 | H89: 11 | I89: 88.5 | J89: 15.51 | K89: 0 | L89: 4.3 | M89: 614596.32 | N89: 131199.41
A90: STR-1022 | B90: 45748 | C90: West | D90: High Street | E90: 18996.32 | F90: 1260 | G90: 0.145 | H90: 9 | I90: 86.4 | J90: 4.31 | K90: 0 | L90: 4.6 | M90: 450711.92 | N90: 90043.76
A91: STR-1023 | B91: 45658 | C91: South | D91: Mall | E91: 50517.94 | F91: 7024 | G91: 0.029 | H91: 18 | I91: 79.2 | J91: 6.61 | K91: 1 | L91: 4.1 | M91: 711213.46 | N91: 105863.26
A92: STR-1023 | B92: 45689 | C92: South | D92: Mall | E92: 141540.29 | F92: 5400 | G92: 0.013 | H92: 12 | I92: 87 | J92: 4.26 | K92: 0 | L92: 4.5 | M92: 627171.9 | N92: 105772.75
A93: STR-1023 | B93: 45717 | C93: South | D93: Mall | E93: 82116.19 | F93: 5988 | G93: 0.04 | H93: 17 | I93: 91.8 | J93: 5.75 | K93: 0 | L93: 4.7 | M93: 739852.58 | N93: 129386.43
A94: STR-1023 | B94: 45748 | C94: South | D94: Mall | E94: 31207.51 | F94: 3701 | G94: 0.043 | H94: 11 | I94: 84.7 | J94: 0.33 | K94: 0 | L94: 4.3 | M94: 586307.22 | N94: 73927.85
A95: STR-1024 | B95: 45658 | C95: West | D95: Residential | E95: 38966.59 | F95: 4509 | G95: 0.194 | H95: 14 | I95: 91.1 | J95: 2.92 | K95: 0 | L95: 4.6 | M95: 585937.48 | N95: 82624.2
A96: STR-1024 | B96: 45689 | C96: West | D96: Residential | E96: 67439.3 | F96: 6477 | G96: 0 | H96: 16 | I96: 90.9 | J96: 1.64 | K96: 0 | L96: 4.5 | M96: 753473.55 | N96: 151527.22
A97: STR-1024 | B97: 45717 | C97: West | D97: Residential | E97: 86421.88 | F97: 7970 | G97: 0.073 | H97: 17 | I97: 91.3 | J97: 0.8 | K97: 0 | L97: 5 | M97: 838250.32 | N97: 122939.34
A98: STR-1024 | B98: 45748 | C98: West | D98: Residential | E98: 9534.65 | F98: 6057 | G98: 0.074 | H98: 15 | I98: 94.1 | J98: 5.79 | K98: 0 | L98: 4.5 | M98: 607898.12 | N98: 135404.85
A99: STR-1025 | B99: 45658 | C99: West | D99: Mall | E99: 61132.07 | F99: 6394 | G99: 0.163 | H99: 19 | I99: 91 | J99: 19.6 | K99: 0 | L99: 4.4 | M99: 691113.62 | N99: 135145.44
A100: STR-1025 | B100: 45689 | C100: West | D100: Mall | E100: 78839.39 | F100: 5150 | G100: 0.171 | H100: 13 | I100: 85.8 | J100: 7.57 | K100: 0 | L100: 4.3 | M100: 735509.4 | N100: 83895.96
A101: STR-1025 | B101: 45717 | C101: West | D101: Mall | E101: 38752.8 | F101: 4712 | G101: 0.075 | H101: 15 | I101: 89.7 | K101: 0 | L101: 4.3 | M101: 605775.33 | N101: 107194.6
A102: STR-1025 | B102: 45748 | C102: West | D102: Mall | E102: 55101.1 | F102: 5281 | G102: 0.189 | H102: 11 | I102: 91 | J102: 2.7 | K102: 0 | L102: 4.4 | M102: 675177.68 | N102: 105628.68
A103: STR-1026 | B103: 45658 | C103: East | D103: Mall | E103: 53084.76 | F103: 3642 | G103: 0.15 | H103: 12 | I103: 91.4 | J103: 0.2 | K103: 0 | L103: 4.4 | M103: 635181.35 | N103: 83341.25
A104: STR-1026 | B104: 45689 | C104: East | D104: Mall | E104: 63101.59 | F104: 4373 | G104: 0.173 | H104: 14 | I104: 90.4 | J104: 7.87 | K104: 0 | L104: 4.7 | M104: 586626.94 | N104: 86498.55
A105: STR-1026 | B105: 45717 | C105: East | D105: Mall | E105: 90084.4 | F105: 6832 | G105: 0.185 | H105: 14 | I105: 80.5 | J105: 0.77 | K105: 1 | L105: 4.4 | M105: 740102.64 | N105: 114299.07
A106: STR-1026 | B106: 45748 | C106: East | D106: Mall | E106: 32266.64 | F106: 2414 | G106: 0.08 | H106: 7 | I106: 92.1 | J106: 1.48 | K106: 0 | L106: 5 | M106: 625514.04 | N106: 120685.08
A107: STR-1027 | B107: 45658 | C107: West | D107: High Street | E107: 57919.07 | F107: 7374 | G107: 0.103 | H107: 21 | I107: 82.3 | J107: 2.87 | K107: 0 | L107: 2.9 | M107: 727227.2 | N107: 121292.01
A108: STR-1027 | B108: 45689 | C108: West | D108: High Street | E108: 74679.35 | F108: 8739 | G108: 0.056 | H108: 21 | I108: 91.8 | J108: 2.83 | K108: 0 | L108: 3 | M108: 783797.89 | N108: 157620.7
A109: STR-1027 | B109: 45717 | C109: West | D109: High Street | E109: 64294.23 | F109: 6992 | G109: 0.133 | H109: 14 | I109: 94.1 | J109: 0.25 | K109: 0 | L109: 3 | M109: 795153.84 | N109: 143194.21
A110: STR-1027 | B110: 45748 | C110: West | D110: High Street | E110: 31042.03 | F110: 7107 | G110: 0.051 | H110: 15 | I110: 87 | J110: 13.33 | K110: 0 | L110: 3.2 | M110: 665594.94 | N110: 127597.34
A111: STR-1028 | B111: 45658 | C111: East | D111: Mall | E111: 75265.02 | F111: 6975 | G111: 0.157 | H111: 20 | I111: 73.8 | J111: 6.35 | K111: 1 | L111: 3.8 | M111: 709478.39 | N111: 71294.27
A112: STR-1028 | B112: 45689 | C112: East | D112: Mall | E112: 69411.7 | F112: 5493 | G112: 0.292 | H112: 13 | I112: 86.5 | J112: 6.69 | K112: 0 | L112: 3.8 | M112: 664162.49 | N112: 98291.06
A113: STR-1028 | B113: 45717 | C113: East | D113: Mall | E113: 51056.15 | F113: 5686 | G113: 0.089 | H113: 13 | I113: 89.9 | J113: 1.28 | K113: 0 | L113: 4.2 | M113: 633494.21 | N113: 105739.47
... A135: STR-1034 | B135: 45658 | C135: North | D135: High Street | E135: 70276.28 | F135: 3043 | G135: 0.079 | H135: 9 | I135: 87.9 | J135: 3.77 | K135: 0 | L135: 4.4 | M135: 527300.13 | N135: 84197.87
A136: STR-1034 | B136: 45689 | C136: North | D136: High Street | E136: 22071.64 | F136: 1814 | G136: 0.196 | H136: 8 | I136: 81.1 | J136: 0.78 | K136: 0 | M136: 400831.65 | N136: 70979.31
A137: STR-1034 | B137: 45717 | C137: North | D137: High Street | E137: 52285.45 | F137: 3618 | G137: 0.086 | H137: 11 | I137: 95.6 | J137: 5.17 | K137: 1 | L137: 4.4 | M137: 593247.25 | N137: 81240.29
A138: STR-1034 | B138: 45748 | C138: North | D138: High Street | E138: 70366.76 | F138: 1963 | G138: 0.182 | H138: 8 | I138: 89.8 | J138: 3.2 | K138: 0 | L138: 4.6 | M138: 529075.95 | N138: 95978.83
A139: STR-1035 | B139: 45658 | C139: South | D139: Residential | E139: 71320.66 | F139: 7888 | G139: 0.048 | H139: 20 | I139: 78.1 | J139: 3.4 | K139: 0 | M139: 633638.03 | N139: 99402.01
A140: STR-1035 | B140: 45689 | C140: South | D140: Residential | E140: 75109.67 | F140: 6244 | G140: 0.079 | H140: 15 | I140: 96.3 | J140: 7.38 | K140: 0 | L140: 3.7 | M140: 743348.84 | N140: 104186.09
A141: STR-1035 | B141: 45717 | C141: South | D141: Residential | E141: 69779 | F141: 6544 | G141: 0.152 | H141: 18 | I141: 90.2 | J141: 0.85 | K141: 1 | L141: 3.3 | M141: 758827.64 | N141: 161439.48
A142: STR-1035 | B142: 45748 | C142: South | D142: Residential | E142: 44211.95 | F142: 5465 | G142: 0.187 | H142: 12 | I142: 90 | J142: 2.89 | K142: 0 | L142: 3.6 | M142: 646559.71 | N142: 97981.75
A143: STR-1036 | B143: 45658 | C143: West | D143: High Street | E143: 51430.31 | F143: 6427 | G143: 0.234 | H143: 14 | I143: 88.8 | J143: 0.77 | K143: 0 | L143: 4.1 | M143: 715890.53 | N143: 109032.15
A144: STR-1036 | B144: 45689 | C144: West | D144: High Street | E144: 45706.49 | F144: 6704 | G144: 0.038 | H144: 15 | I144: 94.2 | J144: 2.92 | K144: 0 | L144: 4.2 | M144: 715097.57 | N144: 151875.86
A145: STR-1036 | B145: 45717 | C145: West | D145: High Street | E145: 44034.6 | F145: 5645 | G145: 0.069 | H145: 18 | I145: 88.5 | J145: 3.07 | K145: 0 | L145: 3.8 | M145: 682639.28 | N145: 77557.53
A146: STR-1036 | B146: 45748 | C146: West | D146: High Street | E146: 50198.12 | F146: 6089 | G146: 0.182 | H146: 19 | I146: 94 | J146: 9.7 | K146: 0 | L146: 3.9 | M146: 695098.51 | N146: 108192.75
A147: STR-1037 | B147: 45658 | C147: North | D147: Residential | E147: 70488.2 | F147: 4312 | G147: 0.169 | H147: 12 | I147: 90.2 | J147: 3.71 | K147: 0 | L147: 3.2 | M147: 577732.57 | N147: 93804.27
A148: STR-1037 | B148: 45689 | C148: North | D148: Residential | E148: 50909.27 | F148: 3152 | G148: 0.06 | H148: 13 | I148: 93.7 | J148: 10.79 | K148: 0 | L148: 3.5 | M148: 537058.33 | N148: 93555.71
A149: STR-1037 | B149: 45717 | C149: North | D149: Residential | E149: 53351.7 | F149: 4259 | G149: 0.156 | H149: 15 | I149: 93.7 | J149: 6.03 | K149: 0 | L149: 3.4 | M149: 601568.87 | N149: 91634.82
A150: STR-1037 | B150: 45748 | C150: North | D150: Residential | E150: 60322.4 | F150: 3350 | G150: 0.108 | H150: 12 | I150: 89.4 | J150: 4.92 | K150: 0 | L150: 3.4 | M150: 570964.84 | N150: 81331.07
A151: STR-1038 | B151: 45658 | C151: South | D151: Mall | E151: 51575.68 | F151: 5329 | G151: 0.047 | H151: 17 | I151: 88.1 | J151: 19.78 | K151: 0 | L151: 3.8 | M151: 614024.91 | N151: 84828.93
... A164: STR-1041 | B164: 45689 | C164: South | D164: High Street | E164: 48438.85 | F164: 6992 | G164: 0.034 | H164: 20 | I164: 91 | J164: 4.36 | K164: 0 | L164: 4.2 | M164: 778298.88 | N164: 130076.72
A165: STR-1041 | B165: 45717 | C165: South | D165: High Street | E165: 57143.3 | F165: 8038 | G165: 0.193 | H165: 17 | I165: 72.6 | K165: 0 | L165: 4.2 | M165: 677096.71 | N165: 97174.11
A166: STR-1041 | B166: 45748 | C166: South | D166: High Street | E166: 66870.62 | F166: 6055 | G166: 0.075 | H166: 19 | I166: 93.8 | J166: 0.54 | K166: 0 | L166: 4.3 | M166: 692008.64 | N166: 116337.87
A167: STR-1042 | B167: 45658 | C167: North | D167: Mall | E167: 72150.53 | F167: 9323 | G167: 0.157 | H167: 22 | I167: 82.9 | J167: 11.37 | K167: 1 | L167: 4.3 | M167: 825797.91 | N167: 130945.24
A168: STR-1042 | B168: 45689 | C168: North | D168: Mall | E168: 35303.3 | F168: 8789 | G168: 0.123 | H168: 22 | I168: 86.1 | J168: 9.43 | K168: 0 | L168: 4.2 | M168: 706285.52 | N168: 138014.72
A169: STR-1042 | B169: 45717 | C169: North | D169: Mall | E169: 30301.86 | F169: 6939 | G169: 0.09 | H169: 16 | I169: 90.3 | J169: 3.49 | K169: 0 | L169: 4 | M169: 665534.7 | N169: 113167.73
A170: STR-1042 | B170: 45748 | C170: North | D170: Mall | E170: 78432.14 | F170: 9440 | G170: 0.126 | H170: 23 | I170: 89.2 | J170: 7.86 | K170: 0 | L170: 4.1 | M170: 820729.29 | N170: 159325.47
A171: STR-1043 | B171: 45658 | C171: East | D171: Residential | E171: 62059.18 | F171: 9374 | G171: 0.136 | H171: 25 | I171: 87.1 | J171: 12.55 | K171: 0 | L171: 4.9 | M171: 739831.73 | N171: 119490.21
A172: STR-1043 | B172: 45689 | C172: East | D172: Residential | E172: 32834.48 | F172: 7576 | G172: 0.099 | H172: 15 | I172: 84.1 | J172: 3.48 | K172: 0 | L172: 5 | M172: 593637.14 | N172: 106648.14
A173: STR-1043 | B173: 45717 | C173: East | D173: Residential | E173: 50825.08 | F173: 8949 | G173: 0.157 | H173: 21 | I173: 84.7 | J173: 7.73 | K173: 0 | L173: 4.9 | M173: 769702.76 | N173: 158697
A174: STR-1043 | B174: 45748 | C174: East | D174: Residential | E174: 36606.51 | F174: 7671 | G174: 0.118 | H174: 18 | I174: 89.8 | J174: 0.25 | K174: 0 | L174: 4.4 | M174: 679731.57 | N174: 121546.42
A175: STR-1044 | B175: 45658 | C175: East | D175: Residential | E175: 65237.79 | F175: 8741 | G175: 0.157 | H175: 20 | I175: 94.4 | J175: 6.43 | K175: 0 | L175: 3.3 | M175: 780344.18 | N175: 118239.09
A176: STR-1044 | B176: 45689 | C176: East | D176: Residential | E176: 43645.98 | F176: 9480 | G176: 0.109 | H176: 22 | I176: 89 | J176: 2.11 | K176: 0 | L176: 3.1 | M176: 721364.11 | N176: 147272.81
A177: STR-1044 | B177: 45717 | C177: East | D177: Residential | E177: 68040.15 | F177: 9826 | G177: 0.125 | H177: 20 | I177: 83.9 | J177: 9.12 | K177: 0 | L177: 3.6 | M177: 758138.29 | N177: 132975.26
...

Sheet 2_Cleaned_Data
A1: Cleaned Dataset — 306 rows (removed 14 rows with missing values). Values only; formulas operate on this sheet.
A2: store_id | B2: month | C2: region | D2: store_type | E2: marketing_spend | F2: footfall | G2: avg_discount_pct | H2: staff_count | I2: inventory_availability_pct | J2: competitor_distance_km | K2: holiday_flag | L2: customer_rating | M2: monthly_sales | N2: monthly_profit
A3: STR-1001 | B3: 45658 | C3: East | D3: Residential | E3: 70389.11 | F3: 8302 | G3: 0.042 | H3: 17 | I3: 75 | J3: 5.28 | K3: 1 | L3: 3.1 | M3: 658832.62 | N3: 84349.93
A4: STR-1001 | B4: 45689 | C4: East | D4: Residential | E4: 43827.89 | F4: 8487 | G4: 0.168 | H4: 23 | I4: 84.4 | J4: 4.31 | K4: 0 | L4: 2.8 | M4: 634436 | N4: 106130.54
A5: STR-1001 | B5: 45717 | C5: East | D5: Residential | E5: 59921.75 | F5: 9113 | G5: 0.133 | H5: 20 | I5: 88 | J5: 12 | K5: 0 | L5: 3.2 | M5: 678722.06 | N5: 101883.86
A6: STR-1001 | B6: 45748 | C6: East | D6: Residential | E6: 56856.63 | F6: 9431 | G6: 0.142 | H6: 23 | I6: 86.9 | J6: 4.97 | K6: 0 | L6: 3.4 | M6: 658920.3 | N6: 97910.37
A7: STR-1002 | B7: 45658 | C7: East | D7: High Street | E7: 48412.64 | F7: 9545 | G7: 0.231 | H7: 21 | I7: 97.6 | J7: 6.94 | K7: 1 | L7: 4.2 | M7: 741341.44 | N7: 119208.17
A8: STR-1002 | B8: 45689 | C8: East | D8: High Street | E8: 64811.21 | F8: 9792 | G8: 0.112 | H8: 20 | I8: 84.2 | J8: 2.88 | K8: 0 | L8: 4.2 | M8: 761835.34 | N8: 149602.23
A9: STR-1002 | B9: 45717 | C9: East | D9: High Street | E9: 46213.45 | F9: 10616 | G9: 0.122 | H9: 22 | I9: 85.2 | J9: 0.2 | K9: 1 | L9: 4.1 | M9: 806615.54 | N9: 131364.62
A10: STR-1002 | B10: 45748 | C10: East | D10: High Street | E10: 68148.52 | F10: 8567 | G10: 0.127 | H10: 23 | I10: 95.6 | J10: 0.8 | K10: 0 | L10: 3.9 | M10: 850164.26 | N10: 149262.75
A11: STR-1003 | B11: 45658 | C11: North | D11: Airport | E11: 71838.86 | F11: 10979 | G11: 0.215 | H11: 26 | I11: 88.6 | J11: 7.7 | K11: 1 | L11: 3.8 | M11: 930581.7 | N11: 136207.98
A12: STR-1003 | B12: 45689 | C12: North | D12: Airport | E12: 68133.44 | F12: 9459 | G12: 0.22 | H12: 21 | I12: 85 | J12: 1.91 | K12: 0 | L12: 4.2 | M12: 779010.94 | N12: 106328.09
A13: STR-1003 | B13: 45717 | C13: North | D13: Airport | E13: 34285.21 | F13: 9172 | G13: 0.213 | H13: 22 | I13: 88.3 | J13: 10.46 | K13: 1 | L13: 3.8 | M13: 723060.76 | N13: 123131.24
A14: STR-1003 | B14: 45748 | C14: North | D14: Airport | E14: 67979.88 | F14: 11230 | G14: 0.002 | H14: 28 | I14: 85.3 | J14: 7.16 | K14: 0 | L14: 3.8 | M14: 910791.94 | N14: 158891.28
... A308: STR-1080 | B308: 45748 | C308: East | D308: Residential | E308: 40553.11 | F308: 5317 | G308: 0.165 | H308: 17 | I308: 84.3 | J308: 11.82 | K308: 0 | L308: 4.1 | M308: 559660.84 | N308: 71443.61

Sheet 3_Dummy_Variables
A1: Dummy Variables for store_type — IF formulas from '2_Cleaned_Data'. Reference category: Residential (dropped).
A2: Dummy formula example — Column D row 5: =IF('2_Cleaned_Data'!D3="Airport",1,0)
A3: store_id | B3: month | C3: store_type | D3: store_Airport | E3: store_HighStreet | F3: store_Mall
A4: ='2_Cleaned_Data'!A3 -> STR-1001 | B4: ='2_Cleaned_Data'!B3 -> 45658 | C4: ='2_Cleaned_Data'!D3 -> Residential | D4: =IF('2_Cleaned_Data'!D3="Airport",1,0) -> 0 | E4: =IF('2_Cleaned_Data'!D3="High Street",1,0) -> 0 | F4: =IF('2_Cleaned_Data'!D3="Mall",1,0) -> 0
A5: ='2_Cleaned_Data'!A4 -> STR-1001 | B5: ='2_Cleaned_Data'!B4 -> 45689 | C5: ='2_Cleaned_Data'!D4 -> Residential | D5: =IF('2_Cleaned_Data'!D4="Airport",1,0) -> 0 | E5: =IF('2_Cleaned_Data'!D4="High Street",1,0) -> 0 | F5: =IF('2_Cleaned_Data'!D4="Mall",1,0) -> 0
A6: ='2_Cleaned_Data'!A5 -> STR-1001 | B6: ='2_Cleaned_Data'!B5 -> 45717 | C6: ='2_Cleaned_Data'!D5 -> Residential | D6: =IF('2_Cleaned_Data'!D5="Airport",1,0) -> 0 | E6: =IF('2_Cleaned_Data'!D5="High Street",1,0) -> 0 | F6: =IF('2_Cleaned_Data'!D5="Mall",1,0) -> 0
A7: ='2_Cleaned_Data'!A6 -> STR-1001 | B7: ='2_Cleaned_Data'!B6 -> 45748 | C7: ='2_Cleaned_Data'!D6 -> Residential | D7: =IF('2_Cleaned_Data'!D6="Airport",1,0) -> 0 | E7: =IF('2_Cleaned_Data'!D6="High Street",1,0) -> 0 | F7: =IF('2_Cleaned_Data'!D6="Mall",1,0) -> 0
A8: ='2_Cleaned_Data'!A7 -> STR-1002 | B8: ='2_Cleaned_Data'!B7 -> 45658 | C8: ='2_Cleaned_Data'!D7 -> High Street | D8: =IF('2_Cleaned_Data'!D7="Airport",1,0) -> 0 | E8: =IF('2_Cleaned_Data'!D7="High Street",1,0) -> 1 | F8: =IF('2_Cleaned_Data'!D7="Mall",1,0) -> 0
A9: ='2_Cleaned_Data'!A8 -> STR-1002 | B9: ='2_Cleaned_Data'!B8 -> 45689 | C9: ='2_Cleaned_Data'!D8 -> High Street | D9: =IF('2_Cleaned_Data'!D8="Airport",1,0) -> 0 | E9: =IF('2_Cleaned_Data'!D8="High Street",1,0) -> 1 | F9: =IF('2_Cleaned_Data'!D8="Mall",1,0) -> 0
A10: ='2_Cleaned_Data'!A9 -> STR-1002 | B10: ='2_Cleaned_Data'!B9 -> 45717 | C10: ='2_Cleaned_Data'!D9 -> High Street | D10: =IF('2_Cleaned_Data'!D9="Airport",1,0) -> 0 | E10: =IF('2_Cleaned_Data'!D9="High Street",1,0) -> 1 | F10: =IF('2_Cleaned_Data'!D9="Mall",1,0) -> 0
A11: ='2_Cleaned_Data'!A10 -> STR-1002 | B11: ='2_Cleaned_Data'!B10 -> 45748 | C11: ='2_Cleaned_Data'!D10 -> High Street | D11: =IF('2_Cleaned_Data'!D10="Airport",1,0) -> 0 | E11: =IF('2_Cleaned_Data'!D10="High Street",1,0) -> 1 | F11: =IF('2_Cleaned_Data'!D10="Mall",1,0) -> 0
A12: ='2_Cleaned_Data'!A11 -> STR-1003 | B12: ='2_Cleaned_Data'!B11 -> 45658 | C12: ='2_Cleaned_Data'!D11 -> Airport | D12: =IF('2_Cleaned_Data'!D11="Airport",1,0) -> 1 | E12: =IF('2_Cleaned_Data'!D11="High Street",1,0) -> 0 | F12: =IF('2_Cleaned_Data'!D11="Mall",1,0) -> 0
A13: ='2_Cleaned_Data'!A12 -> STR-1003 | B13: ='2_Cleaned_Data'!B12 -> 45689 | C13: ='2_Cleaned_Data'!D12 -> Airport | D13: =IF('2_Cleaned_Data'!D12="Airport",1,0) -> 1 | E13: =IF('2_Cleaned_Data'!D12="High Street",1,0) -> 0 | F13: =IF('2_Cleaned_Data'!D12="Mall",1,0) -> 0
A14: ='2_Cleaned_Data'!A13 -> STR-1003 | B14: ='2_Cleaned_Data'!B13 -> 45717 | C14: ='2_Cleaned_Data'!D13 -> Airport | D14: =IF('2_Cleaned_Data'!D13="Airport",1,0) -> 1 | E14: =IF('2_Cleaned_Data'!D13="High Street",1,0) -> 0 | F14: =IF('2_Cleaned_Data'!D13="Mall",1,0) -> 0
A15: ='2_Cleaned_Data'!A14 -> STR-1003 | B15: ='2_Cleaned_Data'!B14 -> 45748 | C15: ='2_Cleaned_Data'!D14 -> Airport | D15: =IF('2_Cleaned_Data'!D14="Airport",1,0) -> 1 | E15: =IF('2_Cleaned_Data'!D14="High Street",1,0) -> 0 | F15: =IF('2_Cleaned_Data'!D14="Mall",1,0) -> 0
... A309: ='2_Cleaned_Data'!A308 -> STR-1080 | B309: ='2_Cleaned_Data'!B308 -> 45748 | C309: ='2_Cleaned_Data'!D308 -> Residential | D309: =IF('2_Cleaned_Data'!D308="Airport",1,0) -> 0 | E309: =IF('2_Cleaned_Data'!D308="High Street",1,0) -> 0 | F309: =IF('2_Cleaned_Data'!D308="Mall",1,0) -> 0

Sheet 4_Simple_Regression
A1: Simple Regression Models — Formulas used: SLOPE, INTERCEPT, RSQ, INDEX(LINEST,...)
A3: Model 1: monthly_sales ~ marketing_spend
A4: Metric | B4: Value (formula) | C4: Interpretation
A5: Intercept ($) | B5: =INTERCEPT('2_Cleaned_Data'!M3:M308,'2_Cleaned_Data'!E3:E308) -> 567463.56 | C5: Predicted sales when marketing_spend = 0 (baseline)
A6: Coefficient | B6: =SLOPE('2_Cleaned_Data'!M3:M308,'2_Cleaned_Data'!E3:E308) -> 2.0519316 | C6: Change in monthly sales per unit increase in marketing_spend
A7: R-squared | B7: =RSQ('2_Cleaned_Data'!M3:M308,'2_Cleaned_Data'!E3:E308) -> 0.15742646 | C7: 15.74% of sales variation explained by this variable
A8: Observations | B8: =COUNT('2_Cleaned_Data'!M3:M308) -> 306 | C8: Number of data points used
A9: SE of Coefficient | B9: =INDEX(LINEST('2_Cleaned_Data'!M3:M308,'2_Cleaned_Data'!E3:E308,TRUE,TRUE),2,1) -> 0.27226457 | C9: Standard error of the slope coefficient
A10: df (residuals) | B10: =INDEX(LINEST('2_Cleaned_Data'!M3:M308,'2_Cleaned_Data'!E3:E308,TRUE,TRUE),4,2) -> 304 | C10: Degrees of freedom for residuals = n − 2
A11: T-statistic | B11: =B6/B9 -> 7.5365355
A12: P-value | B12: =_xlfn.T.DIST.2T(ABS(B11),B10) -> 5.5808923e-13 | C12: Two-tailed p-value; < 0.05 = statistically significant
A13: Regression Equation | B13: monthly_sales = 5,67,463.56 + 2.0519 x [marketing_spend] | C13: Every $1 increase in marketing spend leads to $2.05 increase in monthly_sales
A15: Model 2: monthly_sales ~ footfall
A16: Metric | B16: Value (formula) | C16: Interpretation
A17: Intercept ($) | B17: =INTERCEPT('2_Cleaned_Data'!M3:M308,'2_Cleaned_Data'!F3:F308) -> 447699.03 | C17: Predicted sales when footfall = 0 (baseline)
A18: Coefficient | B18: =SLOPE('2_Cleaned_Data'!M3:M308,'2_Cleaned_Data'!F3:F308) -> 35.641531 | C18: Change in monthly sales per unit increase in footfall
A19: R-squared | B19: =RSQ('2_Cleaned_Data'!M3:M308,'2_Cleaned_Data'!F3:F308) -> 0.73484317 | C19: 73% of sales variation explained by this variable
A20: Observations | B20: =COUNT('2_Cleaned_Data'!M3:M308) -> 306 | C20: Number of data points used
A21: SE of Coefficient | B21: =INDEX(LINEST('2_Cleaned_Data'!M3:M308,'2_Cleaned_Data'!F3:F308,TRUE,TRUE),2,1) -> 1.2279301 | C21: Standard error of the slope coefficient
A22: df (residuals) | B22: =INDEX(LINEST('2_Cleaned_Data'!M3:M308,'2_Cleaned_Data'!F3:F308,TRUE,TRUE),4,2) -> 304 | C22: Degrees of freedom for residuals = n − 2
A23: T-statistic | B23: =B18/B21 -> 29.025701
A24: P-value | B24: =_xlfn.T.DIST.2T(ABS(B23),B22) -> 1.2559351e-89 | C24: Two-tailed p-value; < 0.05 = statistically significant
A25: Regression Equation | B25: monthly_sales = 4,47,699.03 + 35.6415 x [footfall] | C25: Every 1000 increase in footfall leads to $35641 increase in monthly sales
A27: Model 3: monthly_sales ~ customer_rating
A28: Metric | B28: Value (formula) | C28: Interpretation
A29: Intercept ($) | B29: =INTERCEPT('2_Cleaned_Data'!M3:M308,'2_Cleaned_Data'!L3:L308) -> 703414.65 | C29: Predicted sales when customer_rating = 0 (baseline)
A30: Coefficient | B30: =SLOPE('2_Cleaned_Data'!M3:M308,'2_Cleaned_Data'!L3:L308) -> -5117.9739 | C30: Change in monthly sales per unit increase in customer_rating
A31: R-squared | B31: =RSQ('2_Cleaned_Data'!M3:M308,'2_Cleaned_Data'!L3:L308) -> 0.00069196261 | C31: Proportion of sales variation explained by this variable is insignificant
A32: Observations | B32: =COUNT('2_Cleaned_Data'!M3:M308) -> 306 | C32: Number of data points used
A33: SE of Coefficient | B33: =INDEX(LINEST('2_Cleaned_Data'!M3:M308,'2_Cleaned_Data'!L3:L308,TRUE,TRUE),2,1) -> 11155.002 | C33: Standard error of the slope coefficient
A34: df (residuals) | B34: =INDEX(LINEST('2_Cleaned_Data'!M3:M308,'2_Cleaned_Data'!L3:L308,TRUE,TRUE),4,2) -> 304 | C34: Degrees of freedom for residuals = n − 2
A35: T-statistic | B35: =B30/B33 -> -0.45880529
A36: P-value | B36: =_xlfn.T.DIST.2T(ABS(B35),B34) -> 0.64670185 | C36: Two-tailed p-value; > 0.05 = statistically NOT significant. Fail to reject Ho
A37: Regression Equation | B37: monthly_sales = 7,03,414.65 - 5117.9739 x [customer_rating] | C37: Equation using computed intercept and coefficient

Sheet 5_Multiple_Regression
A1: Multiple Regression Model (For output See row 313 onwards)
A3: monthly_sales (Y) | B3: marketing_spend (X1) | C3: footfall (X2) | D3: avg_discount_pct (X3) | E3: inventory_avail_pct (X4) | F3: store_Airport (X5) | G3: store_HighStreet (X6) | H3: store_Mall (X7)
A4: ='2_Cleaned_Data'!M3 -> 658832.62 | B4: ='2_Cleaned_Data'!E3 -> 70389.11 | C4: ='2_Cleaned_Data'!F3 -> 8302 | D4: ='2_Cleaned_Data'!G3 -> 0.042 | E4: ='2_Cleaned_Data'!I3 -> 75 | F4: =IF('2_Cleaned_Data'!D3="Airport",1,0) -> 0 | G4: =IF('2_Cleaned_Data'!D3="High Street",1,0) -> 0 | H4: =IF('2_Cleaned_Data'!D3="Mall",1,0) -> 0
A5: ='2_Cleaned_Data'!M4 -> 634436 | B5: ='2_Cleaned_Data'!E4 -> 43827.89 | C5: ='2_Cleaned_Data'!F4 -> 8487 | D5: ='2_Cleaned_Data'!G4 -> 0.168 | E5: ='2_Cleaned_Data'!I4 -> 84.4 | F5: =IF('2_Cleaned_Data'!D4="Airport",1,0) -> 0 | G5: =IF('2_Cleaned_Data'!D4="High Street",1,0) -> 0 | H5: =IF('2_Cleaned_Data'!D4="Mall",1,0) -> 0
A6: ='2_Cleaned_Data'!M5 -> 678722.06 | B6: ='2_Cleaned_Data'!E5 -> 59921.75 | C6: ='2_Cleaned_Data'!F5 -> 9113 | D6: ='2_Cleaned_Data'!G5 -> 0.133 | E6: ='2_Cleaned_Data'!I5 -> 88 | F6: =IF('2_Cleaned_Data'!D5="Airport",1,0) -> 0 | G6: =IF('2_Cleaned_Data'!D5="High Street",1,0) -> 0 | H6: =IF('2_Cleaned_Data'!D5="Mall",1,0) -> 0
A7: ='2_Cleaned_Data'!M6 -> 658920.3 | B7: ='2_Cleaned_Data'!E6 -> 56856.63 | C7: ='2_Cleaned_Data'!F6 -> 9431 | D7: ='2_Cleaned_Data'!G6 -> 0.142 | E7: ='2_Cleaned_Data'!I6 -> 86.9 | F7: =IF('2_Cleaned_Data'!D6="Airport",1,0) -> 0 | G7: =IF('2_Cleaned_Data'!D6="High Street",1,0) -> 0 | H7: =IF('2_Cleaned_Data'!D6="Mall",1,0) -> 0
A8: ='2_Cleaned_Data'!M7 -> 741341.44 | B8: ='2_Cleaned_Data'!E7 -> 48412.64 | C8: ='2_Cleaned_Data'!F7 -> 9545 | D8: ='2_Cleaned_Data'!G7 -> 0.231 | E8: ='2_Cleaned_Data'!I7 -> 97.6 | F8: =IF('2_Cleaned_Data'!D7="Airport",1,0) -> 0 | G8: =IF('2_Cleaned_Data'!D7="High Street",1,0) -> 1 | H8: =IF('2_Cleaned_Data'!D7="Mall",1,0) -> 0
A9: ='2_Cleaned_Data'!M8 -> 761835.34 | B9: ='2_Cleaned_Data'!E8 -> 64811.21 | C9: ='2_Cleaned_Data'!F8 -> 9792 | D9: ='2_Cleaned_Data'!G8 -> 0.112 | E9: ='2_Cleaned_Data'!I8 -> 84.2 | F9: =IF('2_Cleaned_Data'!D8="Airport",1,0) -> 0 | G9: =IF('2_Cleaned_Data'!D8="High Street",1,0) -> 1 | H9: =IF('2_Cleaned_Data'!D8="Mall",1,0) -> 0
A10: ='2_Cleaned_Data'!M9 -> 806615.54 | B10: ='2_Cleaned_Data'!E9 -> 46213.45 | C10: ='2_Cleaned_Data'!F9 -> 10616 | D10: ='2_Cleaned_Data'!G9 -> 0.122 | E10: ='2_Cleaned_Data'!I9 -> 85.2 | F10: =IF('2_Cleaned_Data'!D9="Airport",1,0) -> 0 | G10: =IF('2_Cleaned_Data'!D9="High Street",1,0) -> 1 | H10: =IF('2_Cleaned_Data'!D9="Mall",1,0) -> 0
A11: ='2_Cleaned_Data'!M10 -> 850164.26 | B11: ='2_Cleaned_Data'!E10 -> 68148.52 | C11: ='2_Cleaned_Data'!F10 -> 8567 | D11: ='2_Cleaned_Data'!G10 -> 0.127 | E11: ='2_Cleaned_Data'!I10 -> 95.6 | F11: =IF('2_Cleaned_Data'!D10="Airport",1,0) -> 0 | G11: =IF('2_Cleaned_Data'!D10="High Street",1,0) -> 1 | H11: =IF('2_Cleaned_Data'!D10="Mall",1,0) -> 0
A12: ='2_Cleaned_Data'!M11 -> 930581.7 | B12: ='2_Cleaned_Data'!E11 -> 71838.86 | C12: ='2_Cleaned_Data'!F11 -> 10979 | D12: ='2_Cleaned_Data'!G11 -> 0.215 | E12: ='2_Cleaned_Data'!I11 -> 88.6 | F12: =IF('2_Cleaned_Data'!D11="Airport",1,0) -> 1 | G12: =IF('2_Cleaned_Data'!D11="High Street",1,0) -> 0 | H12: =IF('2_Cleaned_Data'!D11="Mall",1,0) -> 0
A13: ='2_Cleaned_Data'!M12 -> 779010.94 | B13: ='2_Cleaned_Data'!E12 -> 68133.44 | C13: ='2_Cleaned_Data'!F12 -> 9459 | D13: ='2_Cleaned_Data'!G12 -> 0.22 | E13: ='2_Cleaned_Data'!I12 -> 85 | F13: =IF('2_Cleaned_Data'!D12="Airport",1,0) -> 1 | G13: =IF('2_Cleaned_Data'!D12="High Street",1,0) -> 0 | H13: =IF('2_Cleaned_Data'!D12="Mall",1,0) -> 0
A14: ='2_Cleaned_Data'!M13 -> 723060.76 | B14: ='2_Cleaned_Data'!E13 -> 34285.21 | C14: ='2_Cleaned_Data'!F13 -> 9172 | D14: ='2_Cleaned_Data'!G13 -> 0.213 | E14: ='2_Cleaned_Data'!I13 -> 88.3 | F14: =IF('2_Cleaned_Data'!D13="Airport",1,0) -> 1 | G14: =IF('2_Cleaned_Data'!D13="High Street",1,0) -> 0 | H14: =IF('2_Cleaned_Data'!D13="Mall",1,0) -> 0
A15: ='2_Cleaned_Data'!M14 -> 910791.94 | B15: ='2_Cleaned_Data'!E14 -> 67979.88 | C15: ='2_Cleaned_Data'!F14 -> 11230 | D15: ='2_Cleaned_Data'!G14 -> 0.002 | E15: ='2_Cleaned_Data'!I14 -> 85.3 | F15: =IF('2_Cleaned_Data'!D14="Airport",1,0) -> 1 | G15: =IF('2_Cleaned_Data'!D14="High Street",1,0) -> 0 | H15: =IF('2_Cleaned_Data'!D14="Mall",1,0) -> 0
... A309: ='2_Cleaned_Data'!M308 -> 559660.84 | B309: ='2_Cleaned_Data'!E308 -> 40553.11 | C309: ='2_Cleaned_Data'!F308 -> 5317 | D309: ='2_Cleaned_Data'!G308 -> 0.165 | E309: ='2_Cleaned_Data'!I308 -> 84.3 | F309: =IF('2_Cleaned_Data'!D308="Airport",1,0) -> 0 | G309: =IF('2_Cleaned_Data'!D308="High Street",1,0) -> 0 | H309: =IF('2_Cleaned_Data'!D308="Mall",1,0) -> 0
A313: SUMMARY OUTPUT
A315: Regression Statistics
A316: Multiple R | B316: 0.90328717
A317: R Square | B317: 0.81592771
A318: Adjusted R Square | B318: 0.81160386
A319: Standard Error | B319: 44675.837
A320: Observations | B320: 306
B323: Coefficients | C323: Standard Error | D323: t Stat | E323: P-value | F323: Lower 95% | G323: Upper 95% | H323: Lower 95.0% | I323: Upper 95.0% | J323: Significant? | K323: Business Interpretation
A324: Intercept | B324: 138186.46 | C324: 45400.87 | D324: 3.0436964 | E324: 0.0025452872 | F324: 48839.527 | G324: 227533.4 | H324: 48839.527 | I324: 227533.4 | J324: SIGNIFICANT | K324: Baseline monthly sales for Residential store (all numerics = 0)
A325: marketing_spend (X1) | B325: 1.16146 | C325: 0.13202042 | D325: 8.7975786 | E325: 1.1507235e-16 | F325: 0.90164954 | G325: 1.4212704 | H325: 0.90164954 | I325: 1.4212704 | J325: SIGNIFICANT | K325: Each additional $1 in marketing spend → change in monthly sales
A326: footfall (X2) | B326: 33.605032 | C326: 1.0643897 | D326: 31.572113 | E326: 4.5807918e-97 | F326: 31.510359 | G326: 35.699704 | H326: 31.510359 | I326: 35.699704 | J326: SIGNIFICANT | K326: Each additional customer visit → change in monthly sales
A327: avg_discount_pct (X3) | B327: -53521.13 | C327: 37902.163 | D327: -1.4120864 | E327: 0.15896789 | F327: -128110.94 | G327: 21068.678 | H327: -128110.94 | I327: 21068.678 | J327: NOT SIGNIFICANT | K327: Effect of a 1-unit increase in avg discount proportion (not significant)
A328: inventory_avail_pct (X4) | B328: 2824.4197 | C328: 487.5233 | D328: 5.7934045 | E328: 1.7521444e-08 | F328: 1864.995 | G328: 3783.8443 | H328: 1864.995 | I328: 3783.8443 | J328: SIGNIFICANT | K328: Each 1% improvement in inventory availability → change in monthly sales
A329: store_Airport (X5) | B329: 36186.237 | C329: 9639.8504 | D329: 3.7538173 | E329: 0.00020936177 | F329: 17215.431 | G329: 55157.044 | H329: 17215.431 | I329: 55157.044 | J329: SIGNIFICANT | K329: Airport store vs Residential — monthly sales premium
A330: store_HighStreet (X6) | B330: 14366.815 | C330: 6291.378 | D330: 2.283572 | E330: 0.023100306 | F330: 1985.6564 | G330: 26747.973 | H330: 1985.6564 | I330: 26747.973 | J330: SIGNIFICANT | K330: High Street store vs Residential — monthly sales premium
A331: store_Mall (X7) | B331: 25653.022 | C331: 6931.1085 | D331: 3.7011428 | E331: 0.00025560338 | F331: 12012.902 | G331: 39293.143 | H331: 12012.902 | I331: 39293.143 | J331: SIGNIFICANT | K331: Mall store vs Residential — monthly sales premium
A333: Equation (formula): | B333: monthly_sales = 1,38,186 + 1.1615 x mktg + 33.6050 x footfall + -53521.1295 x avg_disc + 2824.4197 x inv_avail + 36186.2374 x store_Airport + 14366.8146 x store_HStr + 25653.0224 x store_Mall

Sheet 6_Predictions_Residuals
A1: Predictions and Residuals — all computed by formula using Sheet 5 coefficients
A2: store_id | B2: month | C2: region | D2: store_type | E2: actual_sales ($) | F2: predicted_sales ($) | G2: residual ($) | H2: residual_%
A3: ='2_Cleaned_Data'!A3 -> STR-1001 | B3: ='2_Cleaned_Data'!B3 -> 45658 | C3: ='2_Cleaned_Data'!C3 -> East | D3: ='2_Cleaned_Data'!D3 -> Residential | E3: ='2_Cleaned_Data'!M3 -> 658832.62 | F3: ='5_Multiple_Regression'!$B$324+'5_Multiple_Regression'!$B$325*'2_Cleaned_Data'!E3+'5_Multiple_Regression'!$B$326*'2_Cleaned_Data'!F3+'5_Multiple_Regression'!$B$327*'2_Cleaned_Data'!G3+'5_Multiple_Regression'!$B$328*'2_Cleaned_Data'!I3+'5_Multiple_Regression'!$B$329*IF('2_Cleaned_Data'!D3="Airport",1,0)+'5_Multiple_Regression'!$B$330*IF('2_Cleaned_Data'!D3="High Street",1,0)+'5_Multiple_Regression'!$B$331*IF('2_Cleaned_Data'!D3="Mall",1,0) -> 708513.16 | G3: =E3-F3 -> -49680.538 | H3: =G3/E3*100 -> -7.5406918
A4: ='2_Cleaned_Data'!A4 -> STR-1001 | B4: ='2_Cleaned_Data'!B4 -> 45689 | C4: ='2_Cleaned_Data'!C4 -> East | D4: ='2_Cleaned_Data'!D4 -> Residential | E4: ='2_Cleaned_Data'!M4 -> 634436 | F4: ='5_Multiple_Regression'!$B$324+'5_Multiple_Regression'!$B$325*'2_Cleaned_Data'!E4+'5_Multiple_Regression'!$B$326*'2_Cleaned_Data'!F4+'5_Multiple_Regression'!$B$327*'2_Cleaned_Data'!G4+'5_Multiple_Regression'!$B$328*'2_Cleaned_Data'!I4+'5_Multiple_Regression'!$B$329*IF('2_Cleaned_Data'!D4="Airport",1,0)+'5_Multiple_Regression'!$B$330*IF('2_Cleaned_Data'!D4="High Street",1,0)+'5_Multiple_Regression'!$B$331*IF('2_Cleaned_Data'!D4="Mall",1,0) -> 703686.18 | G4: =E4-F4 -> -69250.177 | H4: =G4/E4*100 -> -10.915234
A5: ='2_Cleaned_Data'!A5 -> STR-1001 | B5: ='2_Cleaned_Data'!B5 -> 45717 | C5: ='2_Cleaned_Data'!C5 -> East | D5: ='2_Cleaned_Data'!D5 -> Residential | E5: ='2_Cleaned_Data'!M5 -> 678722.06 | F5: ='5_Multiple_Regression'!$B$324+'5_Multiple_Regression'!$B$325*'2_Cleaned_Data'!E5+'5_Multiple_Regression'!$B$326*'2_Cleaned_Data'!F5+'5_Multiple_Regression'!$B$327*'2_Cleaned_Data'!G5+'5_Multiple_Regression'!$B$328*'2_Cleaned_Data'!I5+'5_Multiple_Regression'!$B$329*IF('2_Cleaned_Data'!D5="Airport",1,0)+'5_Multiple_Regression'!$B$330*IF('2_Cleaned_Data'!D5="High Street",1,0)+'5_Multiple_Regression'!$B$331*IF('2_Cleaned_Data'!D5="Mall",1,0) -> 755456.45 | G5: =E5-F5 -> -76734.391 | H5: =G5/E5*100 -> -11.305716
A6: ='2_Cleaned_Data'!A6 -> STR-1001 | B6: ='2_Cleaned_Data'!B6 -> 45748 | C6: ='2_Cleaned_Data'!C6 -> East | D6: ='2_Cleaned_Data'!D6 -> Residential | E6: ='2_Cleaned_Data'!M6 -> 658920.3 | F6: ='5_Multiple_Regression'!$B$324+'5_Multiple_Regression'!$B$325*'2_Cleaned_Data'!E6+'5_Multiple_Regression'!$B$326*'2_Cleaned_Data'!F6+'5_Multiple_Regression'!$B$327*'2_Cleaned_Data'!G6+'5_Multiple_Regression'!$B$328*'2_Cleaned_Data'!I6+'5_Multiple_Regression'!$B$329*IF('2_Cleaned_Data'!D6="Airport",1,0)+'5_Multiple_Regression'!$B$330*IF('2_Cleaned_Data'!D6="High Street",1,0)+'5_Multiple_Regression'!$B$331*IF('2_Cleaned_Data'!D6="Mall",1,0) -> 758994.29 | G6: =E6-F6 -> -100073.99 | H6: =G6/E6*100 -> -15.187571
A7: ='2_Cleaned_Data'!A10 -> STR-1002 | B7: ='2_Cleaned_Data'!B10 -> 45748 | C7: ='2_Cleaned_Data'!C10 -> East | D7: ='2_Cleaned_Data'!D10 -> High Street | E7: ='2_Cleaned_Data'!M10 -> 850164.26 | F7: ='5_Multiple_Regression'!$B$324+'5_Multiple_Regression'!$B$325*'2_Cleaned_Data'!E10+'5_Multiple_Regression'!$B$326*'2_Cleaned_Data'!F10+'5_Multiple_Regression'!$B$327*'2_Cleaned_Data'!G10+'5_Multiple_Regression'!$B$328*'2_Cleaned_Data'!I10+'5_Multiple_Regression'!$B$329*IF('2_Cleaned_Data'!D10="Airport",1,0)+'5_Multiple_Regression'!$B$330*IF('2_Cleaned_Data'!D10="High Street",1,0)+'5_Multiple_Regression'!$B$331*IF('2_Cleaned_Data'!D10="Mall",1,0) -> 782816.7 | G7: =E7-F7 -> 67347.561 | H7: =G7/E7*100 -> 7.9217116
A8: ='2_Cleaned_Data'!A9 -> STR-1002 | B8: ='2_Cleaned_Data'!B9 -> 45717 | C8: ='2_Cleaned_Data'!C9 -> East | D8: ='2_Cleaned_Data'!D9 -> High Street | E8: ='2_Cleaned_Data'!M9 -> 806615.54 | F8: ='5_Multiple_Regression'!$B$324+'5_Multiple_Regression'!$B$325*'2_Cleaned_Data'!E9+'5_Multiple_Regression'!$B$326*'2_Cleaned_Data'!F9+'5_Multiple_Regression'!$B$327*'2_Cleaned_Data'!G9+'5_Multiple_Regression'!$B$328*'2_Cleaned_Data'!I9+'5_Multiple_Regression'!$B$329*IF('2_Cleaned_Data'!D9="Airport",1,0)+'5_Multiple_Regression'!$B$330*IF('2_Cleaned_Data'!D9="High Street",1,0)+'5_Multiple_Regression'!$B$331*IF('2_Cleaned_Data'!D9="Mall",1,0) -> 797090.34 | G8: =E8-F8 -> 9525.1959 | H8: =G8/E8*100 -> 1.1808843
A9: ='2_Cleaned_Data'!A8 -> STR-1002 | B9: ='2_Cleaned_Data'!B8 -> 45689 | C9: ='2_Cleaned_Data'!C8 -> East | D9: ='2_Cleaned_Data'!D8 -> High Street | E9: ='2_Cleaned_Data'!M8 -> 761835.34 | F9: ='5_Multiple_Regression'!$B$324+'5_Multiple_Regression'!$B$325*'2_Cleaned_Data'!E8+'5_Multiple_Regression'!$B$326*'2_Cleaned_Data'!F8+'5_Multiple_Regression'!$B$327*'2_Cleaned_Data'!G8+'5_Multiple_Regression'!$B$328*'2_Cleaned_Data'!I8+'5_Multiple_Regression'!$B$329*IF('2_Cleaned_Data'!D8="Airport",1,0)+'5_Multiple_Regression'!$B$330*IF('2_Cleaned_Data'!D8="High Street",1,0)+'5_Multiple_Regression'!$B$331*IF('2_Cleaned_Data'!D8="Mall",1,0) -> 788711.14 | G9: =E9-F9 -> -26875.804 | H9: =G9/E9*100 -> -3.5277707
A10: ='2_Cleaned_Data'!A7 -> STR-1002 | B10: ='2_Cleaned_Data'!B7 -> 45658 | C10: ='2_Cleaned_Data'!C7 -> East | D10: ='2_Cleaned_Data'!D7 -> High Street | E10: ='2_Cleaned_Data'!M7 -> 741341.44 | F10: ='5_Multiple_Regression'!$B$324+'5_Multiple_Regression'!$B$325*'2_Cleaned_Data'!E7+'5_Multiple_Regression'!$B$326*'2_Cleaned_Data'!F7+'5_Multiple_Regression'!$B$327*'2_Cleaned_Data'!G7+'5_Multiple_Regression'!$B$328*'2_Cleaned_Data'!I7+'5_Multiple_Regression'!$B$329*IF('2_Cleaned_Data'!D7="Airport",1,0)+'5_Multiple_Regression'!$B$330*IF('2_Cleaned_Data'!D7="High Street",1,0)+'5_Multiple_Regression'!$B$331*IF('2_Cleaned_Data'!D7="Mall",1,0) -> 792842.63 | G10: =E10-F10 -> -51501.187 | H10: =G10/E10*100 -> -6.9470266
A11: ='2_Cleaned_Data'!A11 -> STR-1003 | B11: ='2_Cleaned_Data'!B11 -> 45658 | C11: ='2_Cleaned_Data'!C11 -> North | D11: ='2_Cleaned_Data'!D11 -> Airport | E11: ='2_Cleaned_Data'!M11 -> 930581.7 | F11: ='5_Multiple_Regression'!$B$324+'5_Multiple_Regression'!$B$325*'2_Cleaned_Data'!E11+'5_Multiple_Regression'!$B$326*'2_Cleaned_Data'!F11+'5_Multiple_Regression'!$B$327*'2_Cleaned_Data'!G11+'5_Multiple_Regression'!$B$328*'2_Cleaned_Data'!I11+'5_Multiple_Regression'!$B$329*IF('2_Cleaned_Data'!D11="Airport",1,0)+'5_Multiple_Regression'!$B$330*IF('2_Cleaned_Data'!D11="High Street",1,0)+'5_Multiple_Regression'!$B$331*IF('2_Cleaned_Data'!D11="Mall",1,0) -> 865496.84 | G11: =E11-F11 -> 65084.857 | H11: =G11/E11*100 -> 6.9939971
A12: ='2_Cleaned_Data'!A14 -> STR-1003 | B12: ='2_Cleaned_Data'!B14 -> 45748 | C12: ='2_Cleaned_Data'!C14 -> North | D12: ='2_Cleaned_Data'!D14 -> Airport | E12: ='2_Cleaned_Data'!M14 -> 910791.94 | F12: ='5_Multiple_Regression'!$B$324+'5_Multiple_Regression'!$B$325*'2_Cleaned_Data'!E14+'5_Multiple_Regression'!$B$326*'2_Cleaned_Data'!F14+'5_Multiple_Regression'!$B$327*'2_Cleaned_Data'!G14+'5_Multiple_Regression'!$B$328*'2_Cleaned_Data'!I14+'5_Multiple_Regression'!$B$329*IF('2_Cleaned_Data'!D14="Airport",1,0)+'5_Multiple_Regression'!$B$330*IF('2_Cleaned_Data'!D14="High Street",1,0)+'5_Multiple_Regression'!$B$331*IF('2_Cleaned_Data'!D14="Mall",1,0) -> 871529.07 | G12: =E12-F12 -> 39262.869 | H12: =G12/E12*100 -> 4.3108494
A13: ='2_Cleaned_Data'!A12 -> STR-1003 | B13: ='2_Cleaned_Data'!B12 -> 45689 | C13: ='2_Cleaned_Data'!C12 -> North | D13: ='2_Cleaned_Data'!D12 -> Airport | E13: ='2_Cleaned_Data'!M12 -> 779010.94 | F13: ='5_Multiple_Regression'!$B$324+'5_Multiple_Regression'!$B$325*'2_Cleaned_Data'!E12+'5_Multiple_Regression'!$B$326*'2_Cleaned_Data'!F12+'5_Multiple_Regression'!$B$327*'2_Cleaned_Data'!G12+'5_Multiple_Regression'!$B$328*'2_Cleaned_Data'!I12+'5_Multiple_Regression'!$B$329*IF('2_Cleaned_Data'!D12="Airport",1,0)+'5_Multiple_Regression'!$B$330*IF('2_Cleaned_Data'!D12="High Street",1,0)+'5_Multiple_Regression'!$B$331*IF('2_Cleaned_Data'!D12="Mall",1,0) -> 799677.98 | G13: =E13-F13 -> -20667.042 | H13: =G13/E13*100 -> -2.6529848
A14: ='2_Cleaned_Data'!A13 -> STR-1003 | B14: ='2_Cleaned_Data'!B13 -> 45717 | C14: ='2_Cleaned_Data'!C13 -> North | D14: ='2_Cleaned_Data'!D13 -> Airport | E14: ='2_Cleaned_Data'!M13 -> 723060.76 | F14: ='5_Multiple_Regression'!$B$324+'5_Multiple_Regression'!$B$325*'2_Cleaned_Data'!E13+'5_Multiple_Regression'!$B$326*'2_Cleaned_Data'!F13+'5_Multiple_Regression'!$B$327*'2_Cleaned_Data'!G13+'5_Multiple_Regression'!$B$328*'2_Cleaned_Data'!I13+'5_Multiple_Regression'!$B$329*IF('2_Cleaned_Data'!D13="Airport",1,0)+'5_Multiple_Regression'!$B$330*IF('2_Cleaned_Data'!D13="High Street",1,0)+'5_Multiple_Regression'!$B$331*IF('2_Cleaned_Data'!D13="Mall",1,0) -> 760415.21 | G14: =E14-F14 -> -37354.446 | H14: =G14/E14*100 -> -5.1661559
A15: ='2_Cleaned_Data'!A15 -> STR-1004 | B15: ='2_Cleaned_Data'!B15 -> 45658 | C15: ='2_Cleaned_Data'!C15 -> East | D15: ='2_Cleaned_Data'!D15 -> Residential | E15: ='2_Cleaned_Data'!M15 -> 922168.6 | F15: ='5_Multiple_Regression'!$B$324+'5_Multiple_Regression'!$B$325*'2_Cleaned_Data'!E15+'5_Multiple_Regression'!$B$326*'2_Cleaned_Data'!F15+'5_Multiple_Regression'!$B$327*'2_Cleaned_Data'!G15+'5_Multiple_Regression'!$B$328*'2_Cleaned_Data'!I15+'5_Multiple_Regression'!$B$329*IF('2_Cleaned_Data'!D15="Airport",1,0)+'5_Multiple_Regression'!$B$330*IF('2_Cleaned_Data'!D15="High Street",1,0)+'5_Multiple_Regression'!$B$331*IF('2_Cleaned_Data'!D15="Mall",1,0) -> 875463.03 | G15: =E15-F15 -> 46705.573 | H15: =G15/E15*100 -> 5.0647542
A16: ='2_Cleaned_Data'!A18 -> STR-1004 | B16: ='2_Cleaned_Data'!B18 -> 45748 | C16: ='2_Cleaned_Data'!C18 -> East | D16: ='2_Cleaned_Data'!D18 -> Residential | E16: ='2_Cleaned_Data'!M18 -> 834017.02 | F16: ='5_Multiple_Regression'!$B$324+'5_Multiple_Regression'!$B$325*'2_Cleaned_Data'!E18+'5_Multiple_Regression'!$B$326*'2_Cleaned_Data'!F18+'5_Multiple_Regression'!$B$327*'2_Cleaned_Data'!G18+'5_Multiple_Regression'!$B$328*'2_Cleaned_Data'!I18+'5_Multiple_Regression'!$B$329*IF('2_Cleaned_Data'!D18="Airport",1,0)+'5_Multiple_Regression'!$B$330*IF('2_Cleaned_Data'!D18="High Street",1,0)+'5_Multiple_Regression'!$B$331*IF('2_Cleaned_Data'!D18="Mall",1,0) -> 809037.06 | G16: =E16-F16 -> 24979.965 | H16: =G16/E16*100 -> 2.9951385
A17: ='2_Cleaned_Data'!A17 -> STR-1004 | B17: ='2_Cleaned_Data'!B17 -> 45717 | C17: ='2_Cleaned_Data'!C17 -> East | D17: ='2_Cleaned_Data'!D17 -> Residential | E17: ='2_Cleaned_Data'!M17 -> 746501.09 | F17: ='5_Multiple_Regression'!$B$324+'5_Multiple_Regression'!$B$325*'2_Cleaned_Data'!E17+'5_Multiple_Regression'!$B$326*'2_Cleaned_Data'!F17+'5_Multiple_Regression'!$B$327*'2_Cleaned_Data'!G17+'5_Multiple_Regression'!$B$328*'2_Cleaned_Data'!I17+'5_Multiple_Regression'!$B$329*IF('2_Cleaned_Data'!D17="Airport",1,0)+'5_Multiple_Regression'!$B$330*IF('2_Cleaned_Data'!D17="High Street",1,0)+'5_Multiple_Regression'!$B$331*IF('2_Cleaned_Data'!D17="Mall",1,0) -> 745291.37 | G17: =E17-F17 -> 1209.7234 | H17: =G17/E17*100 -> 0.16205246
A18: ='2_Cleaned_Data'!A16 -> STR-1004 | B18: ='2_Cleaned_Data'!B16 -> 45689 | C18: ='2_Cleaned_Data'!C16 -> East | D18: ='2_Cleaned_Data'!D16 -> Residential | E18: ='2_Cleaned_Data'!M16 -> 726606.28 | F18: ='5_Multiple_Regression'!$B$324+'5_Multiple_Regression'!$B$325*'2_Cleaned_Data'!E16+'5_Multiple_Regression'!$B$326*'2_Cleaned_Data'!F16+'5_Multiple_Regression'!$B$327*'2_Cleaned_Data'!G16+'5_Multiple_Regression'!$B$328*'2_Cleaned_Data'!I16+'5_Multiple_Regression'!$B$329*IF('2_Cleaned_Data'!D16="Airport",1,0)+'5_Multiple_Regression'!$B$330*IF('2_Cleaned_Data'!D16="High Street",1,0)+'5_Multiple_Regression'!$B$331*IF('2_Cleaned_Data'!D16="Mall",1,0) -> 772743.45 | G18: =E18-F18 -> -46137.173 | H18: =G18/E18*100 -> -6.3496799
A19: ='2_Cleaned_Data'!A22 -> STR-1005 | B19: ='2_Cleaned_Data'!B22 -> 45748 | C19: ='2_Cleaned_Data'!C22 -> South | D19: ='2_Cleaned_Data'!D22 -> Residential | E19: ='2_Cleaned_Data'!M22 -> 591619.95 | F19: ='5_Multiple_Regression'!$B$324+'5_Multiple_Regression'!$B$325*'2_Cleaned_Data'!E22+'5_Multiple_Regression'!$B$326*'2_Cleaned_Data'!F22+'5_Multiple_Regression'!$B$327*'2_Cleaned_Data'!G22+'5_Multiple_Regression'!$B$328*'2_Cleaned_Data'!I22+'5_Multiple_Regression'!$B$329*IF('2_Cleaned_Data'!D22="Airport",1,0)+'5_Multiple_Regression'!$B$330*IF('2_Cleaned_Data'!D22="High Street",1,0)+'5_Multiple_Regression'!$B$331*IF('2_Cleaned_Data'!D22="Mall",1,0) -> 590748 | G19: =E19-F19 -> 871.94657 | H19: =G19/E19*100 -> 0.14738289
A20: ='2_Cleaned_Data'!A19 -> STR-1005 | B20: ='2_Cleaned_Data'!B19 -> 45658 | C20: ='2_Cleaned_Data'!C19 -> South | D20: ='2_Cleaned_Data'!D19 -> Residential | E20: ='2_Cleaned_Data'!M19 -> 666152.52 | F20: ='5_Multiple_Regression'!$B$324+'5_Multiple_Regression'!$B$325*'2_Cleaned_Data'!E19+'5_Multiple_Regression'!$B$326*'2_Cleaned_Data'!F19+'5_Multiple_Regression'!$B$327*'2_Cleaned_Data'!G19+'5_Multiple_Regression'!$B$328*'2_Cleaned_Data'!I19+'5_Multiple_Regression'!$B$329*IF('2_Cleaned_Data'!D19="Airport",1,0)+'5_Multiple_Regression'!$B$330*IF('2_Cleaned_Data'!D19="High Street",1,0)+'5_Multiple_Regression'!$B$331*IF('2_Cleaned_Data'!D19="Mall",1,0) -> 679455.32 | G20: =E20-F20 -> -13302.799 | H20: =G20/E20*100 -> -1.9969599
A21: ='2_Cleaned_Data'!A21 -> STR-1005 | B21: ='2_Cleaned_Data'!B21 -> 45717 | C21: ='2_Cleaned_Data'!C21 -> South | D21: ='2_Cleaned_Data'!D21 -> Residential | E21: ='2_Cleaned_Data'!M21 -> 666573.2 | F21: ='5_Multiple_Regression'!$B$324+'5_Multiple_Regression'!$B$325*'2_Cleaned_Data'!E21+'5_Multiple_Regression'!$B$326*'2_Cleaned_Data'!F21+'5_Multiple_Regression'!$B$327*'2_Cleaned_Data'!G21+'5_Multiple_Regression'!$B$328*'2_Cleaned_Data'!I21+'5_Multiple_Regression'!$B$329*IF('2_Cleaned_Data'!D21="Airport",1,0)+'5_Multiple_Regression'!$B$330*IF('2_Cleaned_Data'!D21="High Street",1,0)+'5_Multiple_Regression'!$B$331*IF('2_Cleaned_Data'!D21="Mall",1,0) -> 681628.21 | G21: =E21-F21 -> -15055.01 | H21: =G21/E21*100 -> -2.2585681
A22: ='2_Cleaned_Data'!A20 -> STR-1005 | B22: ='2_Cleaned_Data'!B20 -> 45689 | C22: ='2_Cleaned_Data'!C20 -> South | D22: ='2_Cleaned_Data'!D20 -> Residential | E22: ='2_Cleaned_Data'!M20 -> 573155.19 | F22: ='5_Multiple_Regression'!$B$324+'5_Multiple_Regression'!$B$325*'2_Cleaned_Data'!E20+'5_Multiple_Regression'!$B$326*'2_Cleaned_Data'!F20+'5_Multiple_Regression'!$B$327*'2_Cleaned_Data'!G20+'5_Multiple_Regression'!$B$328*'2_Cleaned_Data'!I20+'5_Multiple_Regression'!$B$329*IF('2_Cleaned_Data'!D20="Airport",1,0)+'5_Multiple_Regression'!$B$330*IF('2_Cleaned_Data'!D20="High Street",1,0)+'5_Multiple_Regression'!$B$331*IF('2_Cleaned_Data'!D20="Mall",1,0) -> 591157.94 | G22: =E22-F22 -> -18002.746 | H22: =G22/E22*100 -> -3.1409899
A23: ='2_Cleaned_Data'!A25 -> STR-1006 | B23: ='2_Cleaned_Data'!B25 -> 45717 | C23: ='2_Cleaned_Data'!C25 -> North | D23: ='2_Cleaned_Data'!D25 -> Residential | E23: ='2_Cleaned_Data'!M25 -> 555929.4 | F23: ='5_Multiple_Regression'!$B$324+'5_Multiple_Regression'!$B$325*'2_Cleaned_Data'!E25+'5_Multiple_Regression'!$B$326*'2_Cleaned_Data'!F25+'5_Multiple_Regression'!$B$327*'2_Cleaned_Data'!G25+'5_Multiple_Regression'!$B$328*'2_Cleaned_Data'!I25+'5_Multiple_Regression'!$B$329*IF('2_Cleaned_Data'!D25="Airport",1,0)+'5_Multiple_Regression'!$B$330*IF('2_Cleaned_Data'!D25="High Street",1,0)+'5_Multiple_Regression'!$B$331*IF('2_Cleaned_Data'!D25="Mall",1,0) -> 523364.68 | G23: =E23-F23 -> 32564.72 | H23: =G23/E23*100 -> 5.8577078
A24: ='2_Cleaned_Data'!A26 -> STR-1006 | B24: ='2_Cleaned_Data'!B26 -> 45748 | C24: ='2_Cleaned_Data'!C26 -> North | D24: ='2_Cleaned_Data'!D26 -> Residential | E24: ='2_Cleaned_Data'!M26 -> 565810.99 | F24: ='5_Multiple_Regression'!$B$324+'5_Multiple_Regression'!$B$325*'2_Cleaned_Data'!E26+'5_Multiple_Regression'!$B$326*'2_Cleaned_Data'!F26+'5_Multiple_Regression'!$B$327*'2_Cleaned_Data'!G26+'5_Multiple_Regression'!$B$328*'2_Cleaned_Data'!I26+'5_Multiple_Regression'!$B$329*IF('2_Cleaned_Data'!D26="Airport",1,0)+'5_Multiple_Regression'!$B$330*IF('2_Cleaned_Data'!D26="High Street",1,0)+'5_Multiple_Regression'!$B$331*IF('2_Cleaned_Data'!D26="Mall",1,0) -> 546645.6 | G24: =E24-F24 -> 19165.386 | H24: =G24/E24*100 -> 3.3872417
A25: ='2_Cleaned_Data'!A24 -> STR-1006 | B25: ='2_Cleaned_Data'!B24 -> 45689 | C25: ='2_Cleaned_Data'!C24 -> North | D25: ='2_Cleaned_Data'!D24 -> Residential | E25: ='2_Cleaned_Data'!M24 -> 491905.13 | F25: ='5_Multiple_Regression'!$B$324+'5_Multiple_Regression'!$B$325*'2_Cleaned_Data'!E24+'5_Multiple_Regression'!$B$326*'2_Cleaned_Data'!F24+'5_Multiple_Regression'!$B$327*'2_Cleaned_Data'!G24+'5_Multiple_Regression'!$B$328*'2_Cleaned_Data'!I24+'5_Multiple_Regression'!$B$329*IF('2_Cleaned_Data'!D24="Airport",1,0)+'5_Multiple_Regression'!$B$330*IF('2_Cleaned_Data'!D24="High Street",1,0)+'5_Multiple_Regression'!$B$331*IF('2_Cleaned_Data'!D24="Mall",1,0) -> 488934.99 | G25: =E25-F25 -> 2970.1352 | H25: =G25/E25*100 -> 0.60380244
A26: ='2_Cleaned_Data'!A23 -> STR-1006 | B26: ='2_Cleaned_Data'!B23 -> 45658 | C26: ='2_Cleaned_Data'!C23 -> North | D26: ='2_Cleaned_Data'!D23 -> Residential | E26: ='2_Cleaned_Data'!M23 -> 415721.82 | F26: ='5_Multiple_Regression'!$B$324+'5_Multiple_Regression'!$B$325*'2_Cleaned_Data'!E23+'5_Multiple_Regression'!$B$326*'2_Cleaned_Data'!F23+'5_Multiple_Regression'!$B$327*'2_Cleaned_Data'!G23+'5_Multiple_Regression'!$B$328*'2_Cleaned_Data'!I23+'5_Multiple_Regression'!$B$329*IF('2_Cleaned_Data'!D23="Airport",1,0)+'5_Multiple_Regression'!$B$330*IF('2_Cleaned_Data'!D23="High Street",1,0)+'5_Multiple_Regression'!$B$331*IF('2_Cleaned_Data'!D23="Mall",1,0) -> 495424.87 | G26: =E26-F26 -> -79703.054 | H26: =G26/E26*100 -> -19.172208
A27: ='2_Cleaned_Data'!A30 -> STR-1007 | B27: ='2_Cleaned_Data'!B30 -> 45748 | C27: ='2_Cleaned_Data'!C30 -> West | D27: ='2_Cleaned_Data'!D30 -> Mall | E27: ='2_Cleaned_Data'!M30 -> 701641.97 | F27: ='5_Multiple_Regression'!$B$324+'5_Multiple_Regression'!$B$325*'2_Cleaned_Data'!E30+'5_Multiple_Regression'!$B$326*'2_Cleaned_Data'!F30+'5_Multiple_Regression'!$B$327*'2_Cleaned_Data'!G30+'5_Multiple_Regression'!$B$328*'2_Cleaned_Data'!I30+'5_Multiple_Regression'!$B$329*IF('2_Cleaned_Data'!D30="Airport",1,0)+'5_Multiple_Regression'!$B$330*IF('2_Cleaned_Data'!D30="High Street",1,0)+'5_Multiple_Regression'!$B$331*IF('2_Cleaned_Data'!D30="Mall",1,0) -> 699081.67 | G27: =E27-F27 -> 2560.3038 | H27: =G27/E27*100 -> 0.36490175
A28: ='2_Cleaned_Data'!A29 -> STR-1007 | B28: ='2_Cleaned_Data'!B29 -> 45717 | C28: ='2_Cleaned_Data'!C29 -> West | D28: ='2_Cleaned_Data'!D29 -> Mall | E28: ='2_Cleaned_Data'!M29 -> 783672.82 | F28: ='5_Multiple_Regression'!$B$324+'5_Multiple_Regression'!$B$325*'2_Cleaned_Data'!E29+'5_Multiple_Regression'!$B$326*'2_Cleaned_Data'!F29+'5_Multiple_Regression'!$B$327*'2_Cleaned_Data'!G29+'5_Multiple_Regression'!$B$328*'2_Cleaned_Data'!I29+'5_Multiple_Regression'!$B$329*IF('2_Cleaned_Data'!D29="Airport",1,0)+'5_Multiple_Regression'!$B$330*IF('2_Cleaned_Data'!D29="High Street",1,0)+'5_Multiple_Regression'!$B$331*IF('2_Cleaned_Data'!D29="Mall",1,0) -> 791583.95 | G28: =E28-F28 -> -7911.1287 | H28: =G28/E28*100 -> -1.0094938
A29: ='2_Cleaned_Data'!A27 -> STR-1007 | B29: ='2_Cleaned_Data'!B27 -> 45658 | C29: ='2_Cleaned_Data'!C27 -> West | D29: ='2_Cleaned_Data'!D27 -> Mall | E29: ='2_Cleaned_Data'!M27 -> 811771.14 | F29: ='5_Multiple_Regression'!$B$324+'5_Multiple_Regression'!$B$325*'2_Cleaned_Data'!E27+'5_Multiple_Regression'!$B$326*'2_Cleaned_Data'!F27+'5_Multiple_Regression'!$B$327*'2_Cleaned_Data'!G27+'5_Multiple_Regression'!$B$328*'2_Cleaned_Data'!I27+'5_Multiple_Regression'!$B$329*IF('2_Cleaned_Data'!D27="Airport",1,0)+'5_Multiple_Regression'!$B$330*IF('2_Cleaned_Data'!D27="High Street",1,0)+'5_Multiple_Regression'!$B$331*IF('2_Cleaned_Data'!D27="Mall",1,0) -> 835507.02 | G29: =E29-F29 -> -23735.883 | H29: =G29/E29*100 -> -2.9239624
A30: ='2_Cleaned_Data'!A28 -> STR-1007 | B30: ='2_Cleaned_Data'!B28 -> 45689 | C30: ='2_Cleaned_Data'!C28 -> West | D30: ='2_Cleaned_Data'!D28 -> Mall | E30: ='2_Cleaned_Data'!M28 -> 800451.94 | F30: ='5_Multiple_Regression'!$B$324+'5_Multiple_Regression'!$B$325*'2_Cleaned_Data'!E28+'5_Multiple_Regression'!$B$326*'2_Cleaned_Data'!F28+'5_Multiple_Regression'!$B$327*'2_Cleaned_Data'!G28+'5_Multiple_Regression'!$B$328*'2_Cleaned_Data'!I28+'5_Multiple_Regression'!$B$329*IF('2_Cleaned_Data'!D28="Airport",1,0)+'5_Multiple_Regression'!$B$330*IF('2_Cleaned_Data'!D28="High Street",1,0)+'5_Multiple_Regression'!$B$331*IF('2_Cleaned_Data'!D28="Mall",1,0) -> 900057.35 | G30: =E30-F30 -> -99605.406 | H30: =G30/E30*100 -> -12.443646
A31: ='2_Cleaned_Data'!A32 -> STR-1008 | B31: ='2_Cleaned_Data'!B32 -> 45689 | C31: ='2_Cleaned_Data'!C32 -> East | D31: ='2_Cleaned_Data'!D32 -> Residential | E31: ='2_Cleaned_Data'!M32 -> 537383.79 | F31: ='5_Multiple_Regression'!$B$324+'5_Multiple_Regression'!$B$325*'2_Cleaned_Data'!E32+'5_Multiple_Regression'!$B$326*'2_Cleaned_Data'!F32+'5_Multiple_Regression'!$B$327*'2_Cleaned_Data'!G32+'5_Multiple_Regression'!$B$328*'2_Cleaned_Data'!I32+'5_Multiple_Regression'!$B$329*IF('2_Cleaned_Data'!D32="Airport",1,0)+'5_Multiple_Regression'!$B$330*IF('2_Cleaned_Data'!D32="High Street",1,0)+'5_Multiple_Regression'!$B$331*IF('2_Cleaned_Data'!D32="Mall",1,0) -> 527455.89 | G31: =E31-F31 -> 9927.9008 | H31: =G31/E31*100 -> 1.8474507
A32: ='2_Cleaned_Data'!A33 -> STR-1008 | B32: ='2_Cleaned_Data'!B33 -> 45717 | C32: ='2_Cleaned_Data'!C33 -> East | D32: ='2_Cleaned_Data'!D33 -> Residential | E32: ='2_Cleaned_Data'!M33 -> 500173.02 | F32: ='5_Multiple_Regression'!$B$324+'5_Multiple_Regression'!$B$325*'2_Cleaned_Data'!E33+'5_Multiple_Regression'!$B$326*'2_Cleaned_Data'!F33+'5_Multiple_Regression'!$B$327*'2_Cleaned_Data'!G33+'5_Multiple_Regression'!$B$328*'2_Cleaned_Data'!I33+'5_Multiple_Regression'!$B$329*IF('2_Cleaned_Data'!D33="Airport",1,0)+'5_Multiple_Regression'!$B$330*IF('2_Cleaned_Data'!D33="High Street",1,0)+'5_Multiple_Regression'!$B$331*IF('2_Cleaned_Data'!D33="Mall",1,0) -> 513595.73 | G32: =E32-F32 -> -13422.714 | H32: =G32/E32*100 -> -2.6836141
A33: ='2_Cleaned_Data'!A34 -> STR-1008 | B33: ='2_Cleaned_Data'!B34 -> 45748 | C33: ='2_Cleaned_Data'!C34 -> East | D33: ='2_Cleaned_Data'!D34 -> Residential | E33: ='2_Cleaned_Data'!M34 -> 427917.38 | F33: ='5_Multiple_Regression'!$B$324+'5_Multiple_Regression'!$B$325*'2_Cleaned_Data'!E34+'5_Multiple_Regression'!$B$326*'2_Cleaned_Data'!F34+'5_Multiple_Regression'!$B$327*'2_Cleaned_Data'!G34+'5_Multiple_Regression'!$B$328*'2_Cleaned_Data'!I34+'5_Multiple_Regression'!$B$329*IF('2_Cleaned_Data'!D34="Airport",1,0)+'5_Multiple_Regression'!$B$330*IF('2_Cleaned_Data'!D34="High Street",1,0)+'5_Multiple_Regression'!$B$331*IF('2_Cleaned_Data'!D34="Mall",1,0) -> 496829.62 | G33: =E33-F33 -> -68912.244 | H33: =G33/E33*100 -> -16.1041
A34: ='2_Cleaned_Data'!A31 -> STR-1008 | B34: ='2_Cleaned_Data'!B31 -> 45658 | C34: ='2_Cleaned_Data'!C31 -> East | D34: ='2_Cleaned_Data'!D31 -> Residential | E34: ='2_Cleaned_Data'!M31 -> 511844.41 | F34: ='5_Multiple_Regression'!$B$324+'5_Multiple_Regression'!$B$325*'2_Cleaned_Data'!E31+'5_Multiple_Regression'!$B$326*'2_Cleaned_Data'!F31+'5_Multiple_Regression'!$B$327*'2_Cleaned_Data'!G31+'5_Multiple_Regression'!$B$328*'2_Cleaned_Data'!I31+'5_Multiple_Regression'!$B$329*IF('2_Cleaned_Data'!D31="Airport",1,0)+'5_Multiple_Regression'!$B$330*IF('2_Cleaned_Data'!D31="High Street",1,0)+'5_Multiple_Regression'!$B$331*IF('2_Cleaned_Data'!D31="Mall",1,0) -> 585319.26 | G34: =E34-F34 -> -73474.846 | H34: =G34/E34*100 -> -14.354918
A35: ='2_Cleaned_Data'!A36 -> STR-1009 | B35: ='2_Cleaned_Data'!B36 -> 45717 | C35: ='2_Cleaned_Data'!C36 -> North | D35: ='2_Cleaned_Data'!D36 -> Residential | E35: ='2_Cleaned_Data'!M36 -> 798952.17 | F35: ='5_Multiple_Regression'!$B$324+'5_Multiple_Regression'!$B$325*'2_Cleaned_Data'!E36+'5_Multiple_Regression'!$B$326*'2_Cleaned_Data'!F36+'5_Multiple_Regression'!$B$327*'2_Cleaned_Data'!G36+'5_Multiple_Regression'!$B$328*'2_Cleaned_Data'!I36+'5_Multiple_Regression'!$B$329*IF('2_Cleaned_Data'!D36="Airport",1,0)+'5_Multiple_Regression'!$B$330*IF('2_Cleaned_Data'!D36="High Street",1,0)+'5_Multiple_Regression'!$B$331*IF('2_Cleaned_Data'!D36="Mall",1,0) -> 800190.88 | G35: =E35-F35 -> -1238.7077 | H35: =G35/E35*100 -> -0.15504154
A36: ='2_Cleaned_Data'!A37 -> STR-1009 | B36: ='2_Cleaned_Data'!B37 -> 45748 | C36: ='2_Cleaned_Data'!C37 -> North | D36: ='2_Cleaned_Data'!D37 -> Residential | E36: ='2_Cleaned_Data'!M37 -> 800979.78 | F36: ='5_Multiple_Regression'!$B$324+'5_Multiple_Regression'!$B$325*'2_Cleaned_Data'!E37+'5_Multiple_Regression'!$B$326*'2_Cleaned_Data'!F37+'5_Multiple_Regression'!$B$327*'2_Cleaned_Data'!G37+'5_Multiple_Regression'!$B$328*'2_Cleaned_Data'!I37+'5_Multiple_Regression'!$B$329*IF('2_Cleaned_Data'!D37="Airport",1,0)+'5_Multiple_Regression'!$B$330*IF('2_Cleaned_Data'!D37="High Street",1,0)+'5_Multiple_Regression'!$B$331*IF('2_Cleaned_Data'!D37="Mall",1,0) -> 816815.49 | G36: =E36-F36 -> -15835.705 | H36: =G36/E36*100 -> -1.9770418
A37: ='2_Cleaned_Data'!A35 -> STR-1009 | B37: ='2_Cleaned_Data'!B35 -> 45658 | C37: ='2_Cleaned_Data'!C35 -> North | D37: ='2_Cleaned_Data'!D35 -> Residential | E37: ='2_Cleaned_Data'!M35 -> 641865.03 | F37: ='5_Multiple_Regression'!$B$324+'5_Multiple_Regression'!$B$325*'2_Cleaned_Data'!E35+'5_Multiple_Regression'!$B$326*'2_Cleaned_Data'!F35+'5_Multiple_Regression'!$B$327*'2_Cleaned_Data'!G35+'5_Multiple_Regression'!$B$328*'2_Cleaned_Data'!I35+'5_Multiple_Regression'!$B$329*IF('2_Cleaned_Data'!D35="Airport",1,0)+'5_Multiple_Regression'!$B$330*IF('2_Cleaned_Data'!D35="High Street",1,0)+'5_Multiple_Regression'!$B$331*IF('2_Cleaned_Data'!D35="Mall",1,0) -> 743673.69 | G37: =E37-F37 -> -101808.66 | H37: =G37/E37*100 -> -15.861381
A38: ='2_Cleaned_Data'!A38 -> STR-1010 | B38: ='2_Cleaned_Data'!B38 -> 45658 | C38: ='2_Cleaned_Data'!C38 -> North | D38: ='2_Cleaned_Data'!D38 -> Mall | E38: ='2_Cleaned_Data'!M38 -> 820593.93 | F38: ='5_Multiple_Regression'!$B$324+'5_Multiple_Regression'!$B$325*'2_Cleaned_Data'!E38+'5_Multiple_Regression'!$B$326*'2_Cleaned_Data'!F38+'5_Multiple_Regression'!$B$327*'2_Cleaned_Data'!G38+'5_Multiple_Regression'!$B$328*'2_Cleaned_Data'!I38+'5_Multiple_Regression'!$B$329*IF('2_Cleaned_Data'!D38="Airport",1,0)+'5_Multiple_Regression'!$B$330*IF('2_Cleaned_Data'!D38="High Street",1,0)+'5_Multiple_Regression'!$B$331*IF('2_Cleaned_Data'!D38="Mall",1,0) -> 778049.03 | G38: =E38-F38 -> 42544.903 | H38: =G38/E38*100 -> 5.1846475
A39: ='2_Cleaned_Data'!A41 -> STR-1010 | B39: ='2_Cleaned_Data'!B41 -> 45748 | C39: ='2_Cleaned_Data'!C41 -> North | D39: ='2_Cleaned_Data'!D41 -> Mall | E39: ='2_Cleaned_Data'!M41 -> 828623.85 | F39: ='5_Multiple_Regression'!$B$324+'5_Multiple_Regression'!$B$325*'2_Cleaned_Data'!E41+'5_Multiple_Regression'!$B$326*'2_Cleaned_Data'!F41+'5_Multiple_Regression'!$B$327*'2_Cleaned_Data'!G41+'5_Multiple_Regression'!$B$328*'2_Cleaned_Data'!I41+'5_Multiple_Regression'!$B$329*IF('2_Cleaned_Data'!D41="Airport",1,0)+'5_Multiple_Regression'!$B$330*IF('2_Cleaned_Data'!D41="High Street",1,0)+'5_Multiple_Regression'!$B$331*IF('2_Cleaned_Data'!D41="Mall",1,0) -> 834980.79 | G39: =E39-F39 -> -6356.9431 | H39: =G39/E39*100 -> -0.76716874
A40: ='2_Cleaned_Data'!A40 -> STR-1010 | B40: ='2_Cleaned_Data'!B40 -> 45717 | C40: ='2_Cleaned_Data'!C40 -> North | D40: ='2_Cleaned_Data'!D40 -> Mall | E40: ='2_Cleaned_Data'!M40 -> 736633.4 | F40: ='5_Multiple_Regression'!$B$324+'5_Multiple_Regression'!$B$325*'2_Cleaned_Data'!E40+'5_Multiple_Regression'!$B$326*'2_Cleaned_Data'!F40+'5_Multiple_Regression'!$B$327*'2_Cleaned_Data'!G40+'5_Multiple_Regression'!$B$328*'2_Cleaned_Data'!I40+'5_Multiple_Regression'!$B$329*IF('2_Cleaned_Data'!D40="Airport",1,0)+'5_Multiple_Regression'!$B$330*IF('2_Cleaned_Data'!D40="High Street",1,0)+'5_Multiple_Regression'!$B$331*IF('2_Cleaned_Data'!D40="Mall",1,0) -> 749966.54 | G40: =E40-F40 -> -13333.138 | H40: =G40/E40*100 -> -1.8100099
A41: ='2_Cleaned_Data'!A39 -> STR-1010 | B41: ='2_Cleaned_Data'!B39 -> 45689 | C41: ='2_Cleaned_Data'!C39 -> North | D41: ='2_Cleaned_Data'!D39 -> Mall | E41: ='2_Cleaned_Data'!M39 -> 718330.53 | F41: ='5_Multiple_Regression'!$B$324+'5_Multiple_Regression'!$B$325*'2_Cleaned_Data'!E39+'5_Multiple_Regression'!$B$326*'2_Cleaned_Data'!F39+'5_Multiple_Regression'!$B$327*'2_Cleaned_Data'!G39+'5_Multiple_Regression'!$B$328*'2_Cleaned_Data'!I39+'5_Multiple_Regression'!$B$329*IF('2_Cleaned_Data'!D39="Airport",1,0)+'5_Multiple_Regression'!$B$330*IF('2_Cleaned_Data'!D39="High Street",1,0)+'5_Multiple_Regression'!$B$331*IF('2_Cleaned_Data'!D39="Mall",1,0) -> 763095.51 | G41: =E41-F41 -> -44764.977 | H41: =G41/E41*100 -> -6.2318077
A42: ='2_Cleaned_Data'!A44 -> STR-1011 | B42: ='2_Cleaned_Data'!B44 -> 45717 | C42: ='2_Cleaned_Data'!C44 -> East | D42: ='2_Cleaned_Data'!D44 -> Mall | E42: ='2_Cleaned_Data'!M44 -> 657429.18 | F42: ='5_Multiple_Regression'!$B$324+'5_Multiple_Regression'!$B$325*'2_Cleaned_Data'!E44+'5_Multiple_Regression'!$B$326*'2_Cleaned_Data'!F44+'5_Multiple_Regression'!$B$327*'2_Cleaned_Data'!G44+'5_Multiple_Regression'!$B$328*'2_Cleaned_Data'!I44+'5_Multiple_Regression'!$B$329*IF('2_Cleaned_Data'!D44="Airport",1,0)+'5_Multiple_Regression'!$B$330*IF('2_Cleaned_Data'!D44="High Street",1,0)+'5_Multiple_Regression'!$B$331*IF('2_Cleaned_Data'!D44="Mall",1,0) -> 598084.84 | G42: =E42-F42 -> 59344.34 | H42: =G42/E42*100 -> 9.0267274
A43: ='2_Cleaned_Data'!A43 -> STR-1011 | B43: ='2_Cleaned_Data'!B43 -> 45689 | C43: ='2_Cleaned_Data'!C43 -> East | D43: ='2_Cleaned_Data'!D43 -> Mall | E43: ='2_Cleaned_Data'!M43 -> 532644.46 | F43: ='5_Multiple_Regression'!$B$324+'5_Multiple_Regression'!$B$325*'2_Cleaned_Data'!E43+'5_Multiple_Regression'!$B$326*'2_Cleaned_Data'!F43+'5_Multiple_Regression'!$B$327*'2_Cleaned_Data'!G43+'5_Multiple_Regression'!$B$328*'2_Cleaned_Data'!I43+'5_Multiple_Regression'!$B$329*IF('2_Cleaned_Data'!D43="Airport",1,0)+'5_Multiple_Regression'!$B$330*IF('2_Cleaned_Data'!D43="High Street",1,0)+'5_Multiple_Regression'!$B$331*IF('2_Cleaned_Data'!D43="Mall",1,0) -> 531161.68 | G43: =E43-F43 -> 1482.7751 | H43: =G43/E43*100 -> 0.2783799
A44: ='2_Cleaned_Data'!A42 -> STR-1011 | B44: ='2_Cleaned_Data'!B42 -> 45658 | C44: ='2_Cleaned_Data'!C42 -> East | D44: ='2_Cleaned_Data'!D42 -> Mall | E44: ='2_Cleaned_Data'!M42 -> 592195.85 | F44: ='5_Multiple_Regression'!$B$324+'5_Multiple_Regression'!$B$325*'2_Cleaned_Data'!E42+'5_Multiple_Regression'!$B$326*'2_Cleaned_Data'!F42+'5_Multiple_Regression'!$B$327*'2_Cleaned_Data'!G42+'5_Multiple_Regression'!$B$328*'2_Cleaned_Data'!I42+'5_Multiple_Regression'!$B$329*IF('2_Cleaned_Data'!D42="Airport",1,0)+'5_Multiple_Regression'!$B$330*IF('2_Cleaned_Data'!D42="High Street",1,0)+'5_Multiple_Regression'!$B$331*IF('2_Cleaned_Data'!D42="Mall",1,0) -> 591047.13 | G44: =E44-F44 -> 1148.7171 | H44: =G44/E44*100 -> 0.19397588
A45: ='2_Cleaned_Data'!A45 -> STR-1011 | B45: ='2_Cleaned_Data'!B45 -> 45748 | C45: ='2_Cleaned_Data'!C45 -> East | D45: ='2_Cleaned_Data'!D45 -> Mall | E45: ='2_Cleaned_Data'!M45 -> 605178 | F45: ='5_Multiple_Regression'!$B$324+'5_Multiple_Regression'!$B$325*'2_Cleaned_Data'!E45+'5_Multiple_Regression'!$B$326*'2_Cleaned_Data'!F45+'5_Multiple_Regression'!$B$327*'2_Cleaned_Data'!G45+'5_Multiple_Regression'!$B$328*'2_Cleaned_Data'!I45+'5_Multiple_Regression'!$B$329*IF('2_Cleaned_Data'!D45="Airport",1,0)+'5_Multiple_Regression'!$B$330*IF('2_Cleaned_Data'!D45="High Street",1,0)+'5_Multiple_Regression'!$B$331*IF('2_Cleaned_Data'!D45="Mall",1,0) -> 608554.17 | G45: =E45-F45 -> -3376.1651 | H45: =G45/E45*100 -> -0.55787968
A46: ='2_Cleaned_Data'!A48 -> STR-1012 | B46: ='2_Cleaned_Data'!B48 -> 45717 | C46: ='2_Cleaned_Data'!C48 -> West | D46: ='2_Cleaned_Data'!D48 -> Residential | E46: ='2_Cleaned_Data'!M48 -> 614800.09 | F46: ='5_Multiple_Regression'!$B$324+'5_Multiple_Regression'!$B$325*'2_Cleaned_Data'!E48+'5_Multiple_Regression'!$B$326*'2_Cleaned_Data'!F48+'5_Multiple_Regression'!$B$327*'2_Cleaned_Data'!G48+'5_Multiple_Regression'!$B$328*'2_Cleaned_Data'!I48+'5_Multiple_Regression'!$B$329*IF('2_Cleaned_Data'!D48="Airport",1,0)+'5_Multiple_Regression'!$B$330*IF('2_Cleaned_Data'!D48="High Street",1,0)+'5_Multiple_Regression'!$B$331*IF('2_Cleaned_Data'!D48="Mall",1,0) -> 574835.56 | G46: =E46-F46 -> 39964.53 | H46: =G46/E46*100 -> 6.5004105
A47: ='2_Cleaned_Data'!A49 -> STR-1012 | B47: ='2_Cleaned_Data'!B49 -> 45748 | C47: ='2_Cleaned_Data'!C49 -> West | D47: ='2_Cleaned_Data'!D49 -> Residential | E47: ='2_Cleaned_Data'!M49 -> 585365.73 | F47: ='5_Multiple_Regression'!$B$324+'5_Multiple_Regression'!$B$325*'2_Cleaned_Data'!E49+'5_Multiple_Regression'!$B$326*'2_Cleaned_Data'!F49+'5_Multiple_Regression'!$B$327*'2_Cleaned_Data'!G49+'5_Multiple_Regression'!$B$328*'2_Cleaned_Data'!I49+'5_Multiple_Regression'!$B$329*IF('2_Cleaned_Data'!D49="Airport",1,0)+'5_Multiple_Regression'!$B$330*IF('2_Cleaned_Data'!D49="High Street",1,0)+'5_Multiple_Regression'!$B$331*IF('2_Cleaned_Data'!D49="Mall",1,0) -> 564236.83 | G47: =E47-F47 -> 21128.902 | H47: =G47/E47*100 -> 3.6095215
A48: ='2_Cleaned_Data'!A47 -> STR-1012 | B48: ='2_Cleaned_Data'!B47 -> 45689 | C48: ='2_Cleaned_Data'!C47 -> West | D48: ='2_Cleaned_Data'!D47 -> Residential | E48: ='2_Cleaned_Data'!M47 -> 599603.4 | F48: ='5_Multiple_Regression'!$B$324+'5_Multiple_Regression'!$B$325*'2_Cleaned_Data'!E47+'5_Multiple_Regression'!$B$326*'2_Cleaned_Data'!F47+'5_Multiple_Regression'!$B$327*'2_Cleaned_Data'!G47+'5_Multiple_Regression'!$B$328*'2_Cleaned_Data'!I47+'5_Multiple_Regression'!$B$329*IF('2_Cleaned_Data'!D47="Airport",1,0)+'5_Multiple_Regression'!$B$330*IF('2_Cleaned_Data'!D47="High Street",1,0)+'5_Multiple_Regression'!$B$331*IF('2_Cleaned_Data'!D47="Mall",1,0) -> 627879.16 | G48: =E48-F48 -> -28275.76 | H48: =G48/E48*100 -> -4.7157438
A49: ='2_Cleaned_Data'!A46 -> STR-1012 | B49: ='2_Cleaned_Data'!B46 -> 45658 | C49: ='2_Cleaned_Data'!C46 -> West | D49: ='2_Cleaned_Data'!D46 -> Residential | E49: ='2_Cleaned_Data'!M46 -> 595467.6 | F49: ='5_Multiple_Regression'!$B$324+'5_Multiple_Regression'!$B$325*'2_Cleaned_Data'!E46+'5_Multiple_Regression'!$B$326*'2_Cleaned_Data'!F46+'5_Multiple_Regression'!$B$327*'2_Cleaned_Data'!G46+'5_Multiple_Regression'!$B$328*'2_Cleaned_Data'!I46+'5_Multiple_Regression'!$B$329*IF('2_Cleaned_Data'!D46="Airport",1,0)+'5_Multiple_Regression'!$B$330*IF('2_Cleaned_Data'!D46="High Street",1,0)+'5_Multiple_Regression'!$B$331*IF('2_Cleaned_Data'!D46="Mall",1,0) -> 718262.02 | G49: =E49-F49 -> -122794.42 | H49: =G49/E49*100 -> -20.621511
A50: ='2_Cleaned_Data'!A53 -> STR-1013 | B50: ='2_Cleaned_Data'!B53 -> 45748 | C50: ='2_Cleaned_Data'!C53 -> North | D50: ='2_Cleaned_Data'!D53 -> Mall | E50: ='2_Cleaned_Data'!M53 -> 773815.14 | F50: ='5_Multiple_Regression'!$B$324+'5_Multiple_Regression'!$B$325*'2_Cleaned_Data'!E53+'5_Multiple_Regression'!$B$326*'2_Cleaned_Data'!F53+'5_Multiple_Regression'!$B$327*'2_Cleaned_Data'!G53+'5_Multiple_Regression'!$B$328*'2_Cleaned_Data'!I53+'5_Multiple_Regression'!$B$329*IF('2_Cleaned_Data'!D53="Airport",1,0)+'5_Multiple_Regression'!$B$330*IF('2_Cleaned_Data'!D53="High Street",1,0)+'5_Multiple_Regression'!$B$331*IF('2_Cleaned_Data'!D53="Mall",1,0) -> 743255.97 | G50: =E50-F50 -> 30559.172 | H50: =G50/E50*100 -> 3.9491567
A51: ='2_Cleaned_Data'!A51 -> STR-1013 | B51: ='2_Cleaned_Data'!B51 -> 45689 | C51: ='2_Cleaned_Data'!C51 -> North | D51: ='2_Cleaned_Data'!D51 -> Mall | E51: ='2_Cleaned_Data'!M51 -> 603297.57 | F51: ='5_Multiple_Regression'!$B$324+'5_Multiple_Regression'!$B$325*'2_Cleaned_Data'!E51+'5_Multiple_Regression'!$B$326*'2_Cleaned_Data'!F51+'5_Multiple_Regression'!$B$327*'2_Cleaned_Data'!G51+'5_Multiple_Regression'!$B$328*'2_Cleaned_Data'!I51+'5_Multiple_Regression'!$B$329*IF('2_Cleaned_Data'!D51="Airport",1,0)+'5_Multiple_Regression'!$B$330*IF('2_Cleaned_Data'!D51="High Street",1,0)+'5_Multiple_Regression'!$B$331*IF('2_Cleaned_Data'!D51="Mall",1,0) -> 597252.56 | G51: =E51-F51 -> 6045.0109 | H51: =G51/E51*100 -> 1.0019949
A52: ='2_Cleaned_Data'!A52 -> STR-1013 | B52: ='2_Cleaned_Data'!B52 -> 45717 | C52: ='2_Cleaned_Data'!C52 -> North | D52: ='2_Cleaned_Data'!D52 -> Mall | E52: ='2_Cleaned_Data'!M52 -> 625672.86 | F52: ='5_Multiple_Regression'!$B$324+'5_Multiple_Regression'!$B$325*'2_Cleaned_Data'!E52+'5_Multiple_Regression'!$B$326*'2_Cleaned_Data'!F52+'5_Multiple_Regression'!$B$327*'2_Cleaned_Data'!G52+'5_Multiple_Regression'!$B$328*'2_Cleaned_Data'!I52+'5_Multiple_Regression'!$B$329*IF('2_Cleaned_Data'!D52="Airport",1,0)+'5_Multiple_Regression'!$B$330*IF('2_Cleaned_Data'!D52="High Street",1,0)+'5_Multiple_Regression'!$B$331*IF('2_Cleaned_Data'!D52="Mall",1,0) -> 619644.98 | G52: =E52-F52 -> 6027.884 | H52: =G52/E52*100 -> 0.96342423
A53: ='2_Cleaned_Data'!A50 -> STR-1013 | B53: ='2_Cleaned_Data'!B50 -> 45658 | C53: ='2_Cleaned_Data'!C50 -> North | D53: ='2_Cleaned_Data'!D50 -> Mall | E53: ='2_Cleaned_Data'!M50 -> 622811.74 | F53: ='5_Multiple_Regression'!$B$324+'5_Multiple_Regression'!$B$325*'2_Cleaned_Data'!E50+'5_Multiple_Regression'!$B$326*'2_Cleaned_Data'!F50+'5_Multiple_Regression'!$B$327*'2_Cleaned_Data'!G50+'5_Multiple_Regression'!$B$328*'2_Cleaned_Data'!I50+'5_Multiple_Regression'!$B$329*IF('2_Cleaned_Data'!D50="Airport",1,0)+'5_Multiple_Regression'!$B$330*IF('2_Cleaned_Data'!D50="High Street",1,0)+'5_Multiple_Regression'!$B$331*IF('2_Cleaned_Data'!D50="Mall",1,0) -> 658493.77 | G53: =E53-F53 -> -35682.026 | H53: =G53/E53*100 -> -5.7291832
A54: ='2_Cleaned_Data'!A56 -> STR-1014 | B54: ='2_Cleaned_Data'!B56 -> 45717 | C54: ='2_Cleaned_Data'!C56 -> West | D54: ='2_Cleaned_Data'!D56 -> High Street | E54: ='2_Cleaned_Data'!M56 -> 720852.5 | F54: ='5_Multiple_Regression'!$B$324+'5_Multiple_Regression'!$B$325*'2_Cleaned_Data'!E56+'5_Multiple_Regression'!$B$326*'2_Cleaned_Data'!F56+'5_Multiple_Regression'!$B$327*'2_Cleaned_Data'!G56+'5_Multiple_Regression'!$B$328*'2_Cleaned_Data'!I56+'5_Multiple_Regression'!$B$329*IF('2_Cleaned_Data'!D56="Airport",1,0)+'5_Multiple_Regression'!$B$330*IF('2_Cleaned_Data'!D56="High Street",1,0)+'5_Multiple_Regression'!$B$331*IF('2_Cleaned_Data'!D56="Mall",1,0) -> 675099.65 | G54: =E54-F54 -> 45752.853 | H54: =G54/E54*100 -> 6.3470478
A55: ='2_Cleaned_Data'!A55 -> STR-1014 | B55: ='2_Cleaned_Data'!B55 -> 45689 | C55: ='2_Cleaned_Data'!C55 -> West | D55: ='2_Cleaned_Data'!D55 -> High Street | E55: ='2_Cleaned_Data'!M55 -> 746677.75 | F55: ='5_Multiple_Regression'!$B$324+'5_Multiple_Regression'!$B$325*'2_Cleaned_Data'!E55+'5_Multiple_Regression'!$B$326*'2_Cleaned_Data'!F55+'5_Multiple_Regression'!$B$327*'2_Cleaned_Data'!G55+'5_Multiple_Regression'!$B$328*'2_Cleaned_Data'!I55+'5_Multiple_Regression'!$B$329*IF('2_Cleaned_Data'!D55="Airport",1,0)+'5_Multiple_Regression'!$B$330*IF('2_Cleaned_Data'!D55="High Street",1,0)+'5_Multiple_Regression'!$B$331*IF('2_Cleaned_Data'!D55="Mall",1,0) -> 702889.25 | G55: =E55-F55 -> 43788.497 | H55: =G55/E55*100 -> 5.8644438
A56: ='2_Cleaned_Data'!A57 -> STR-1014 | B56: ='2_Cleaned_Data'!B57 -> 45748 | C56: ='2_Cleaned_Data'!C57 -> West | D56: ='2_Cleaned_Data'!D57 -> High Street | E56: ='2_Cleaned_Data'!M57 -> 487464.91 | F56: ='5_Multiple_Regression'!$B$324+'5_Multiple_Regression'!$B$325*'2_Cleaned_Data'!E57+'5_Multiple_Regression'!$B$326*'2_Cleaned_Data'!F57+'5_Multiple_Regression'!$B$327*'2_Cleaned_Data'!G57+'5_Multiple_Regression'!$B$328*'2_Cleaned_Data'!I57+'5_Multiple_Regression'!$B$329*IF('2_Cleaned_Data'!D57="Airport",1,0)+'5_Multiple_Regression'!$B$330*IF('2_Cleaned_Data'!D57="High Street",1,0)+'5_Multiple_Regression'!$B$331*IF('2_Cleaned_Data'!D57="Mall",1,0) -> 529002.05 | G56: =E56-F56 -> -41537.135 | H56: =G56/E56*100 -> -8.5210514
A57: ='2_Cleaned_Data'!A54 -> STR-1014 | B57: ='2_Cleaned_Data'!B54 -> 45658 | C57: ='2_Cleaned_Data'!C54 -> West | D57: ='2_Cleaned_Data'!D54 -> High Street | E57: ='2_Cleaned_Data'!M54 -> 463534.25 | F57: ='5_Multiple_Regression'!$B$324+'5_Multiple_Regression'!$B$325*'2_Cleaned_Data'!E54+'5_Multiple_Regression'!$B$326*'2_Cleaned_Data'!F54+'5_Multiple_Regression'!$B$327*'2_Cleaned_Data'!G54+'5_Multiple_Regression'!$B$328*'2_Cleaned_Data'!I54+'5_Multiple_Regression'!$B$329*IF('2_Cleaned_Data'!D54="Airport",1,0)+'5_Multiple_Regression'!$B$330*IF('2_Cleaned_Data'!D54="High Street",1,0)+'5_Multiple_Regression'!$B$331*IF('2_Cleaned_Data'!D54="Mall",1,0) -> 557761.75 | G57: =E57-F57 -> -94227.501 | H57: =G57/E57*100 -> -20.328056
A58: ='2_Cleaned_Data'!A58 -> STR-1015 | B58: ='2_Cleaned_Data'!B58 -> 45658 | C58: ='2_Cleaned_Data'!C58 -> East | D58: ='2_Cleaned_Data'!D58 -> Airport | E58: ='2_Cleaned_Data'!M58 -> 518049.26 | F58: ='5_Multiple_Regression'!$B$324+'5_Multiple_Regression'!$B$325*'2_Cleaned_Data'!E58+'5_Multiple_Regression'!$B$326*'2_Cleaned_Data'!F58+'5_Multiple_Regression'!$B$327*'2_Cleaned_Data'!G58+'5_Multiple_Regression'!$B$328*'2_Cleaned_Data'!I58+'5_Multiple_Regression'!$B$329*IF('2_Cleaned_Data'!D58="Airport",1,0)+'5_Multiple_Regression'!$B$330*IF('2_Cleaned_Data'!D58="High Street",1,0)+'5_Multiple_Regression'!$B$331*IF('2_Cleaned_Data'!D58="Mall",1,0) -> 544532.19 | G58: =E58-F58 -> -26482.933 | H58: =G58/E58*100 -> -5.1120491
A59: ='2_Cleaned_Data'!A59 -> STR-1015 | B59: ='2_Cleaned_Data'!B59 -> 45689 | C59: ='2_Cleaned_Data'!C59 -> East | D59: ='2_Cleaned_Data'!D59 -> Airport | E59: ='2_Cleaned_Data'!M59 -> 500298.48 | F59: ='5_Multiple_Regression'!$B$324+'5_Multiple_Regression'!$B$325*'2_Cleaned_Data'!E59+'5_Multiple_Regression'!$B$326*'2_Cleaned_Data'!F59+'5_Multiple_Regression'!$B$327*'2_Cleaned_Data'!G59+'5_Multiple_Regression'!$B$328*'2_Cleaned_Data'!I59+'5_Multiple_Regression'!$B$329*IF('2_Cleaned_Data'!D59="Airport",1,0)+'5_Multiple_Regression'!$B$330*IF('2_Cleaned_Data'!D59="High Street",1,0)+'5_Multiple_Regression'!$B$331*IF('2_Cleaned_Data'!D59="Mall",1,0) -> 540455.25 | G59: =E59-F59 -> -40156.766 | H59: =G59/E59*100 -> -8.0265616
A60: ='2_Cleaned_Data'!A60 -> STR-1015 | B60: ='2_Cleaned_Data'!B60 -> 45717 | C60: ='2_Cleaned_Data'!C60 -> East | D60: ='2_Cleaned_Data'!D60 -> Airport | E60: ='2_Cleaned_Data'!M60 -> 617291.15 | F60: ='5_Multiple_Regression'!$B$324+'5_Multiple_Regression'!$B$325*'2_Cleaned_Data'!E60+'5_Multiple_Regression'!$B$326*'2_Cleaned_Data'!F60+'5_Multiple_Regression'!$B$327*'2_Cleaned_Data'!G60+'5_Multiple_Regression'!$B$328*'2_Cleaned_Data'!I60+'5_Multiple_Regression'!$B$329*IF('2_Cleaned_Data'!D60="Airport",1,0)+'5_Multiple_Regression'!$B$330*IF('2_Cleaned_Data'!D60="High Street",1,0)+'5_Multiple_Regression'!$B$331*IF('2_Cleaned_Data'!D60="Mall",1,0) -> 686316.46 | G60: =E60-F60 -> -69025.309 | H60: =G60/E60*100 -> -11.18197
A61: ='2_Cleaned_Data'!A61 -> STR-1015 | B61: ='2_Cleaned_Data'!B61 -> 45748 | C61: ='2_Cleaned_Data'!C61 -> East | D61: ='2_Cleaned_Data'!D61 -> Airport | E61: ='2_Cleaned_Data'!M61 -> 553756.43 | F61: ='5_Multiple_Regression'!$B$324+'5_Multiple_Regression'!$B$325*'2_Cleaned_Data'!E61+'5_Multiple_Regression'!$B$326*'2_Cleaned_Data'!F61+'5_Multiple_Regression'!$B$327*'2_Cleaned_Data'!G61+'5_Multiple_Regression'!$B$328*'2_Cleaned_Data'!I61+'5_Multiple_Regression'!$B$329*IF('2_Cleaned_Data'!D61="Airport",1,0)+'5_Multiple_Regression'!$B$330*IF('2_Cleaned_Data'!D61="High Street",1,0)+'5_Multiple_Regression'!$B$331*IF('2_Cleaned_Data'!D61="Mall",1,0) -> 628283.33 | G61: =E61-F61 -> -74526.901 | H61: =G61/E61*100 -> -13.458426
A62: ='2_Cleaned_Data'!A62 -> STR-1016 | B62: ='2_Cleaned_Data'!B62 -> 45658 | C62: ='2_Cleaned_Data'!C62 -> South | D62: ='2_Cleaned_Data'!D62 -> High Street | E62: ='2_Cleaned_Data'!M62 -> 749559.71 | F62: ='5_Multiple_Regression'!$B$324+'5_Multiple_Regression'!$B$325*'2_Cleaned_Data'!E62+'5_Multiple_Regression'!$B$326*'2_Cleaned_Data'!F62+'5_Multiple_Regression'!$B$327*'2_Cleaned_Data'!G62+'5_Multiple_Regression'!$B$328*'2_Cleaned_Data'!I62+'5_Multiple_Regression'!$B$329*IF('2_Cleaned_Data'!D62="Airport",1,0)+'5_Multiple_Regression'!$B$330*IF('2_Cleaned_Data'!D62="High Street",1,0)+'5_Multiple_Regression'!$B$331*IF('2_Cleaned_Data'!D62="Mall",1,0) -> 684560.41 | G62: =E62-F62 -> 64999.303 | H62: =G62/E62*100 -> 8.6716645
A63: ='2_Cleaned_Data'!A63 -> STR-1016 | B63: ='2_Cleaned_Data'!B63 -> 45689 | C63: ='2_Cleaned_Data'!C63 -> South | D63: ='2_Cleaned_Data'!D63 -> High Street | E63: ='2_Cleaned_Data'!M63 -> 615966.48 | F63: ='5_Multiple_Regression'!$B$324+'5_Multiple_Regression'!$B$325*'2_Cleaned_Data'!E63+'5_Multiple_Regression'!$B$326*'2_Cleaned_Data'!F63+'5_Multiple_Regression'!$B$327*'2_Cleaned_Data'!G63+'5_Multiple_Regression'!$B$328*'2_Cleaned_Data'!I63+'5_Multiple_Regression'!$B$329*IF('2_Cleaned_Data'!D63="Airport",1,0)+'5_Multiple_Regression'!$B$330*IF('2_Cleaned_Data'!D63="High Street",1,0)+'5_Multiple_Regression'!$B$331*IF('2_Cleaned_Data'!D63="Mall",1,0) -> 568210.22 | G63: =E63-F63 -> 47756.26 | H63: =G63/E63*100 -> 7.7530615
A64: ='2_Cleaned_Data'!A65 -> STR-1016 | B64: ='2_Cleaned_Data'!B65 -> 45748 | C64: ='2_Cleaned_Data'!C65 -> South | D64: ='2_Cleaned_Data'!D65 -> High Street | E64: ='2_Cleaned_Data'!M65 -> 761860.19 | F64: ='5_Multiple_Regression'!$B$324+'5_Multiple_Regression'!$B$325*'2_Cleaned_Data'!E65+'5_Multiple_Regression'!$B$326*'2_Cleaned_Data'!F65+'5_Multiple_Regression'!$B$327*'2_Cleaned_Data'!G65+'5_Multiple_Regression'!$B$328*'2_Cleaned_Data'!I65+'5_Multiple_Regression'!$B$329*IF('2_Cleaned_Data'!D65="Airport",1,0)+'5_Multiple_Regression'!$B$330*IF('2_Cleaned_Data'!D65="High Street",1,0)+'5_Multiple_Regression'!$B$331*IF('2_Cleaned_Data'!D65="Mall",1,0) -> 716489.69 | G64: =E64-F64 -> 45370.495 | H64: =G64/E64*100 -> 5.9552259
A65: ='2_Cleaned_Data'!A64 -> STR-1016 | B65: ='2_Cleaned_Data'!B64 -> 45717 | C65: ='2_Cleaned_Data'!C64 -> South | D65: ='2_Cleaned_Data'!D64 -> High Street | E65: ='2_Cleaned_Data'!M64 -> 572011.2 | F65: ='5_Multiple_Regression'!$B$324+'5_Multiple_Regression'!$B$325*'2_Cleaned_Data'!E64+'5_Multiple_Regression'!$B$326*'2_Cleaned_Data'!F64+'5_Multiple_Regression'!$B$327*'2_Cleaned_Data'!G64+'5_Multiple_Regression'!$B$328*'2_Cleaned_Data'!I64+'5_Multiple_Regression'!$B$329*IF('2_Cleaned_Data'!D64="Airport",1,0)+'5_Multiple_Regression'!$B$330*IF('2_Cleaned_Data'!D64="High Street",1,0)+'5_Multiple_Regression'!$B$331*IF('2_Cleaned_Data'!D64="Mall",1,0) -> 584714.36 | G65: =E65-F65 -> -12703.162 | H65: =G65/E65*100 -> -2.220789
A66: ='2_Cleaned_Data'!A69 -> STR-1017 | B66: ='2_Cleaned_Data'!B69 -> 45748 | C66: ='2_Cleaned_Data'!C69 -> West | D66: ='2_Cleaned_Data'!D69 -> High Street | E66: ='2_Cleaned_Data'!M69 -> 740496.65 | F66: ='5_Multiple_Regression'!$B$324+'5_Multiple_Regression'!$B$325*'2_Cleaned_Data'!E69+'5_Multiple_Regression'!$B$326*'2_Cleaned_Data'!F69+'5_Multiple_Regression'!$B$327*'2_Cleaned_Data'!G69+'5_Multiple_Regression'!$B$328*'2_Cleaned_Data'!I69+'5_Multiple_Regression'!$B$329*IF('2_Cleaned_Data'!D69="Airport",1,0)+'5_Multiple_Regression'!$B$330*IF('2_Cleaned_Data'!D69="High Street",1,0)+'5_Multiple_Regression'!$B$331*IF('2_Cleaned_Data'!D69="Mall",1,0) -> 733270.11 | G66: =E66-F66 -> 7226.5443 | H66: =G66/E66*100 -> 0.97590506
A67: ='2_Cleaned_Data'!A67 -> STR-1017 | B67: ='2_Cleaned_Data'!B67 -> 45689 | C67: ='2_Cleaned_Data'!C67 -> West | D67: ='2_Cleaned_Data'!D67 -> High Street | E67: ='2_Cleaned_Data'!M67 -> 717141.55 | F67: ='5_Multiple_Regression'!$B$324+'5_Multiple_Regression'!$B$325*'2_Cleaned_Data'!E67+'5_Multiple_Regression'!$B$326*'2_Cleaned_Data'!F67+'5_Multiple_Regression'!$B$327*'2_Cleaned_Data'!G67+'5_Multiple_Regression'!$B$328*'2_Cleaned_Data'!I67+'5_Multiple_Regression'!$B$329*IF('2_Cleaned_Data'!D67="Airport",1,0)+'5_Multiple_Regression'!$B$330*IF('2_Cleaned_Data'!D67="High Street",1,0)+'5_Multiple_Regression'!$B$331*IF('2_Cleaned_Data'!D67="Mall",1,0) -> 733953.44 | G67: =E67-F67 -> -16811.894 | H67: =G67/E67*100 -> -2.3442923
A68: ='2_Cleaned_Data'!A66 -> STR-1017 | B68: ='2_Cleaned_Data'!B66 -> 45658 | C68: ='2_Cleaned_Data'!C66 -> West | D68: ='2_Cleaned_Data'!D66 -> High Street | E68: ='2_Cleaned_Data'!M66 -> 784502.68 | F68: ='5_Multiple_Regression'!$B$324+'5_Multiple_Regression'!$B$325*'2_Cleaned_Data'!E66+'5_Multiple_Regression'!$B$326*'2_Cleaned_Data'!F66+'5_Multiple_Regression'!$B$327*'2_Cleaned_Data'!G66+'5_Multiple_Regression'!$B$328*'2_Cleaned_Data'!I66+'5_Multiple_Regression'!$B$329*IF('2_Cleaned_Data'!D66="Airport",1,0)+'5_Multiple_Regression'!$B$330*IF('2_Cleaned_Data'!D66="High Street",1,0)+'5_Multiple_Regression'!$B$331*IF('2_Cleaned_Data'!D66="Mall",1,0) -> 805104.01 | G68: =E68-F68 -> -20601.329 | H68: =G68/E68*100 -> -2.6260368
A69: ='2_Cleaned_Data'!A68 -> STR-1017 | B69: ='2_Cleaned_Data'!B68 -> 45717 | C69: ='2_Cleaned_Data'!C68 -> West | D69: ='2_Cleaned_Data'!D68 -> High Street | E69: ='2_Cleaned_Data'!M68 -> 685379.08 | F69: ='5_Multiple_Regression'!$B$324+'5_Multiple_Regression'!$B$325*'2_Cleaned_Data'!E68+'5_Multiple_Regression'!$B$326*'2_Cleaned_Data'!F68+'5_Multiple_Regression'!$B$327*'2_Cleaned_Data'!G68+'5_Multiple_Regression'!$B$328*'2_Cleaned_Data'!I68+'5_Multiple_Regression'!$B$329*IF('2_Cleaned_Data'!D68="Airport",1,0)+'5_Multiple_Regression'!$B$330*IF('2_Cleaned_Data'!D68="High Street",1,0)+'5_Multiple_Regression'!$B$331*IF('2_Cleaned_Data'!D68="Mall",1,0) -> 842418.23 | G69: =E69-F69 -> -157039.15 | H69: =G69/E69*100 -> -22.912744
A70: ='2_Cleaned_Data'!A70 -> STR-1018 | B70: ='2_Cleaned_Data'!B70 -> 45658 | C70: ='2_Cleaned_Data'!C70 -> East | D70: ='2_Cleaned_Data'!D70 -> High Street | E70: ='2_Cleaned_Data'!M70 -> 661927.14 | F70: ='5_Multiple_Regression'!$B$324+'5_Multiple_Regression'!$B$325*'2_Cleaned_Data'!E70+'5_Multiple_Regression'!$B$326*'2_Cleaned_Data'!F70+'5_Multiple_Regression'!$B$327*'2_Cleaned_Data'!G70+'5_Multiple_Regression'!$B$328*'2_Cleaned_Data'!I70+'5_Multiple_Regression'!$B$329*IF('2_Cleaned_Data'!D70="Airport",1,0)+'5_Multiple_Regression'!$B$330*IF('2_Cleaned_Data'!D70="High Street",1,0)+'5_Multiple_Regression'!$B$331*IF('2_Cleaned_Data'!D70="Mall",1,0) -> 599298.56 | G70: =E70-F70 -> 62628.579 | H70: =G70/E70*100 -> 9.4615518
A71: ='2_Cleaned_Data'!A72 -> STR-1018 | B71: ='2_Cleaned_Data'!B72 -> 45717 | C71: ='2_Cleaned_Data'!C72 -> East | D71: ='2_Cleaned_Data'!D72 -> High Street | E71: ='2_Cleaned_Data'!M72 -> 605023.87 | F71: ='5_Multiple_Regression'!$B$324+'5_Multiple_Regression'!$B$325*'2_Cleaned_Data'!E72+'5_Multiple_Regression'!$B$326*'2_Cleaned_Data'!F72+'5_Multiple_Regression'!$B$327*'2_Cleaned_Data'!G72+'5_Multiple_Regression'!$B$328*'2_Cleaned_Data'!I72+'5_Multiple_Regression'!$B$329*IF('2_Cleaned_Data'!D72="Airport",1,0)+'5_Multiple_Regression'!$B$330*IF('2_Cleaned_Data'!D72="High Street",1,0)+'5_Multiple_Regression'!$B$331*IF('2_Cleaned_Data'!D72="Mall",1,0) -> 599279.77 | G71: =E71-F71 -> 5744.0969 | H71: =G71/E71*100 -> 0.94940005
A72: ='2_Cleaned_Data'!A71 -> STR-1018 | B72: ='2_Cleaned_Data'!B71 -> 45689 | C72: ='2_Cleaned_Data'!C71 -> East | D72: ='2_Cleaned_Data'!D71 -> High Street | E72: ='2_Cleaned_Data'!M71 -> 479050.5 | F72: ='5_Multiple_Regression'!$B$324+'5_Multiple_Regression'!$B$325*'2_Cleaned_Data'!E71+'5_Multiple_Regression'!$B$326*'2_Cleaned_Data'!F71+'5_Multiple_Regression'!$B$327*'2_Cleaned_Data'!G71+'5_Multiple_Regression'!$B$328*'2_Cleaned_Data'!I71+'5_Multiple_Regression'!$B$329*IF('2_Cleaned_Data'!D71="Airport",1,0)+'5_Multiple_Regression'!$B$330*IF('2_Cleaned_Data'!D71="High Street",1,0)+'5_Multiple_Regression'!$B$331*IF('2_Cleaned_Data'!D71="Mall",1,0) -> 511362.28 | G72: =E72-F72 -> -32311.78 | H72: =G72/E72*100 -> -6.7449631
A73: ='2_Cleaned_Data'!A75 -> STR-1019 | B73: ='2_Cleaned_Data'!B75 -> 45717 | C73: ='2_Cleaned_Data'!C75 -> East | D73: ='2_Cleaned_Data'!D75 -> Residential | E73: ='2_Cleaned_Data'!M75 -> 788087.68 | F73: ='5_Multiple_Regression'!$B$324+'5_Multiple_Regression'!$B$325*'2_Cleaned_Data'!E75+'5_Multiple_Regression'!$B$326*'2_Cleaned_Data'!F75+'5_Multiple_Regression'!$B$327*'2_Cleaned_Data'!G75+'5_Multiple_Regression'!$B$328*'2_Cleaned_Data'!I75+'5_Multiple_Regression'!$B$329*IF('2_Cleaned_Data'!D75="Airport",1,0)+'5_Multiple_Regression'!$B$330*IF('2_Cleaned_Data'!D75="High Street",1,0)+'5_Multiple_Regression'!$B$331*IF('2_Cleaned_Data'!D75="Mall",1,0) -> 701799.37 | G73: =E73-F73 -> 86288.307 | H73: =G73/E73*100 -> 10.949074
A74: ='2_Cleaned_Data'!A73 -> STR-1019 | B74: ='2_Cleaned_Data'!B73 -> 45658 | C74: ='2_Cleaned_Data'!C73 -> East | D74: ='2_Cleaned_Data'!D73 -> Residential | E74: ='2_Cleaned_Data'!M73 -> 616069.41 | F74: ='5_Multiple_Regression'!$B$324+'5_Multiple_Regression'!$B$325*'2_Cleaned_Data'!E73+'5_Multiple_Regression'!$B$326*'2_Cleaned_Data'!F73+'5_Multiple_Regression'!$B$327*'2_Cleaned_Data'!G73+'5_Multiple_Regression'!$B$328*'2_Cleaned_Data'!I73+'5_Multiple_Regression'!$B$329*IF('2_Cleaned_Data'!D73="Airport",1,0)+'5_Multiple_Regression'!$B$330*IF('2_Cleaned_Data'!D73="High Street",1,0)+'5_Multiple_Regression'!$B$331*IF('2_Cleaned_Data'!D73="Mall",1,0) -> 598461.1 | G74: =E74-F74 -> 17608.306 | H74: =G74/E74*100 -> 2.8581692
A75: ='2_Cleaned_Data'!A76 -> STR-1019 | B75: ='2_Cleaned_Data'!B76 -> 45748 | C75: ='2_Cleaned_Data'!C76 -> East | D75: ='2_Cleaned_Data'!D76 -> Residential | E75: ='2_Cleaned_Data'!M76 -> 680840.36 | F75: ='5_Multiple_Regression'!$B$324+'5_Multiple_Regression'!$B$325*'2_Cleaned_Data'!E76+'5_Multiple_Regression'!$B$326*'2_Cleaned_Data'!F76+'5_Multiple_Regression'!$B$327*'2_Cleaned_Data'!G76+'5_Multiple_Regression'!$B$328*'2_Cleaned_Data'!I76+'5_Multiple_Regression'!$B$329*IF('2_Cleaned_Data'!D76="Airport",1,0)+'5_Multiple_Regression'!$B$330*IF('2_Cleaned_Data'!D76="High Street",1,0)+'5_Multiple_Regression'!$B$331*IF('2_Cleaned_Data'!D76="Mall",1,0) -> 713506.29 | G75: =E75-F75 -> -32665.935 | H75: =G75/E75*100 -> -4.7978846
A76: ='2_Cleaned_Data'!A74 -> STR-1019 | B76: ='2_Cleaned_Data'!B74 -> 45689 | C76: ='2_Cleaned_Data'!C74 -> East | D76: ='2_Cleaned_Data'!D74 -> Residential | E76: ='2_Cleaned_Data'!M74 -> 630829.94 | F76: ='5_Multiple_Regression'!$B$324+'5_Multiple_Regression'!$B$325*'2_Cleaned_Data'!E74+'5_Multiple_Regression'!$B$326*'2_Cleaned_Data'!F74+'5_Multiple_Regression'!$B$327*'2_Cleaned_Data'!G74+'5_Multiple_Regression'!$B$328*'2_Cleaned_Data'!I74+'5_Multiple_Regression'!$B$329*IF('2_Cleaned_Data'!D74="Airport",1,0)+'5_Multiple_Regression'!$B$330*IF('2_Cleaned_Data'!D74="High Street",1,0)+'5_Multiple_Regression'!$B$331*IF('2_Cleaned_Data'!D74="Mall",1,0) -> 693507.57 | G76: =E76-F76 -> -62677.63 | H76: =G76/E76*100 -> -9.9357411
A77: ='2_Cleaned_Data'!A79 -> STR-1020 | B77: ='2_Cleaned_Data'!B79 -> 45717 | C77: ='2_Cleaned_Data'!C79 -> South | D77: ='2_Cleaned_Data'!D79 -> High Street | E77: ='2_Cleaned_Data'!M79 -> 776922.17 | F77: ='5_Multiple_Regression'!$B$324+'5_Multiple_Regression'!$B$325*'2_Cleaned_Data'!E79+'5_Multiple_Regression'!$B$326*'2_Cleaned_Data'!F79+'5_Multiple_Regression'!$B$327*'2_Cleaned_Data'!G79+'5_Multiple_Regression'!$B$328*'2_Cleaned_Data'!I79+'5_Multiple_Regression'!$B$329*IF('2_Cleaned_Data'!D79="Airport",1,0)+'5_Multiple_Regression'!$B$330*IF('2_Cleaned_Data'!D79="High Street",1,0)+'5_Multiple_Regression'!$B$331*IF('2_Cleaned_Data'!D79="Mall",1,0) -> 723786.75 | G77: =E77-F77 -> 53135.418 | H77: =G77/E77*100 -> 6.8392203
A78: ='2_Cleaned_Data'!A78 -> STR-1020 | B78: ='2_Cleaned_Data'!B78 -> 45689 | C78: ='2_Cleaned_Data'!C78 -> South | D78: ='2_Cleaned_Data'!D78 -> High Street | E78: ='2_Cleaned_Data'!M78 -> 691112.6 | F78: ='5_Multiple_Regression'!$B$324+'5_Multiple_Regression'!$B$325*'2_Cleaned_Data'!E78+'5_Multiple_Regression'!$B$326*'2_Cleaned_Data'!F78+'5_Multiple_Regression'!$B$327*'2_Cleaned_Data'!G78+'5_Multiple_Regression'!$B$328*'2_Cleaned_Data'!I78+'5_Multiple_Regression'!$B$329*IF('2_Cleaned_Data'!D78="Airport",1,0)+'5_Multiple_Regression'!$B$330*IF('2_Cleaned_Data'!D78="High Street",1,0)+'5_Multiple_Regression'!$B$331*IF('2_Cleaned_Data'!D78="Mall",1,0) -> 654419.15 | G78: =E78-F78 -> 36693.452 | H78: =G78/E78*100 -> 5.3093305
A79: ='2_Cleaned_Data'!A77 -> STR-1020 | B79: ='2_Cleaned_Data'!B77 -> 45658 | C79: ='2_Cleaned_Data'!C77 -> South | D79: ='2_Cleaned_Data'!D77 -> High Street | E79: ='2_Cleaned_Data'!M77 -> 643657.47 | F79: ='5_Multiple_Regression'!$B$324+'5_Multiple_Regression'!$B$325*'2_Cleaned_Data'!E77+'5_Multiple_Regression'!$B$326*'2_Cleaned_Data'!F77+'5_Multiple_Regression'!$B$327*'2_Cleaned_Data'!G77+'5_Multiple_Regression'!$B$328*'2_Cleaned_Data'!I77+'5_Multiple_Regression'!$B$329*IF('2_Cleaned_Data'!D77="Airport",1,0)+'5_Multiple_Regression'!$B$330*IF('2_Cleaned_Data'!D77="High Street",1,0)+'5_Multiple_Regression'!$B$331*IF('2_Cleaned_Data'!D77="Mall",1,0) -> 656707.36 | G79: =E79-F79 -> -13049.892 | H79: =G79/E79*100 -> -2.0274591
A80: ='2_Cleaned_Data'!A80 -> STR-1020 | B80: ='2_Cleaned_Data'!B80 -> 45748 | C80: ='2_Cleaned_Data'!C80 -> South | D80: ='2_Cleaned_Data'!D80 -> High Street | E80: ='2_Cleaned_Data'!M80 -> 636561.34 | F80: ='5_Multiple_Regression'!$B$324+'5_Multiple_Regression'!$B$325*'2_Cleaned_Data'!E80+'5_Multiple_Regression'!$B$326*'2_Cleaned_Data'!F80+'5_Multiple_Regression'!$B$327*'2_Cleaned_Data'!G80+'5_Multiple_Regression'!$B$328*'2_Cleaned_Data'!I80+'5_Multiple_Regression'!$B$329*IF('2_Cleaned_Data'!D80="Airport",1,0)+'5_Multiple_Regression'!$B$330*IF('2_Cleaned_Data'!D80="High Street",1,0)+'5_Multiple_Regression'!$B$331*IF('2_Cleaned_Data'!D80="Mall",1,0) -> 660041.49 | G80: =E80-F80 -> -23480.153 | H80: =G80/E80*100 -> -3.6885924
A81: ='2_Cleaned_Data'!A83 -> STR-1021 | B81: ='2_Cleaned_Data'!B83 -> 45717 | C81: ='2_Cleaned_Data'!C83 -> West | D81: ='2_Cleaned_Data'!D83 -> Mall | E81: ='2_Cleaned_Data'!M83 -> 727241.86 | F81: ='5_Multiple_Regression'!$B$324+'5_Multiple_Regression'!$B$325*'2_Cleaned_Data'!E83+'5_Multiple_Regression'!$B$326*'2_Cleaned_Data'!F83+'5_Multiple_Regression'!$B$327*'2_Cleaned_Data'!G83+'5_Multiple_Regression'!$B$328*'2_Cleaned_Data'!I83+'5_Multiple_Regression'!$B$329*IF('2_Cleaned_Data'!D83="Airport",1,0)+'5_Multiple_Regression'!$B$330*IF('2_Cleaned_Data'!D83="High Street",1,0)+'5_Multiple_Regression'!$B$331*IF('2_Cleaned_Data'!D83="Mall",1,0) -> 645886.74 | G81: =E81-F81 -> 81355.121 | H81: =G81/E81*100 -> 11.186804
A82: ='2_Cleaned_Data'!A82 -> STR-1021 | B82: ='2_Cleaned_Data'!B82 -> 45689 | C82: ='2_Cleaned_Data'!C82 -> West | D82: ='2_Cleaned_Data'!D82 -> Mall | E82: ='2_Cleaned_Data'!M82 -> 682208.01 | F82: ='5_Multiple_Regression'!$B$324+'5_Multiple_Regression'!$B$325*'2_Cleaned_Data'!E82+'5_Multiple_Regression'!$B$326*'2_Cleaned_Data'!F82+'5_Multiple_Regression'!$B$327*'2_Cleaned_Data'!G82+'5_Multiple_Regression'!$B$328*'2_Cleaned_Data'!I82+'5_Multiple_Regression'!$B$329*IF('2_Cleaned_Data'!D82="Airport",1,0)+'5_Multiple_Regression'!$B$330*IF('2_Cleaned_Data'!D82="High Street",1,0)+'5_Multiple_Regression'!$B$331*IF('2_Cleaned_Data'!D82="Mall",1,0) -> 631816.41 | G82: =E82-F82 -> 50391.597 | H82: =G82/E82*100 -> 7.3865443
A83: ='2_Cleaned_Data'!A84 -> STR-1021 | B83: ='2_Cleaned_Data'!B84 -> 45748 | C83: ='2_Cleaned_Data'!C84 -> West | D83: ='2_Cleaned_Data'!D84 -> Mall | E83: ='2_Cleaned_Data'!M84 -> 569100.78 | F83: ='5_Multiple_Regression'!$B$324+'5_Multiple_Regression'!$B$325*'2_Cleaned_Data'!E84+'5_Multiple_Regression'!$B$326*'2_Cleaned_Data'!F84+'5_Multiple_Regression'!$B$327*'2_Cleaned_Data'!G84+'5_Multiple_Regression'!$B$328*'2_Cleaned_Data'!I84+'5_Multiple_Regression'!$B$329*IF('2_Cleaned_Data'!D84="Airport",1,0)+'5_Multiple_Regression'!$B$330*IF('2_Cleaned_Data'!D84="High Street",1,0)+'5_Multiple_Regression'!$B$331*IF('2_Cleaned_Data'!D84="Mall",1,0) -> 560320.72 | G83: =E83-F83 -> 8780.059 | H83: =G83/E83*100 -> 1.5427951
A84: ='2_Cleaned_Data'!A81 -> STR-1021 | B84: ='2_Cleaned_Data'!B81 -> 45658 | C84: ='2_Cleaned_Data'!C81 -> West | D84: ='2_Cleaned_Data'!D81 -> Mall | E84: ='2_Cleaned_Data'!M81 -> 621369.58 | F84: ='5_Multiple_Regression'!$B$324+'5_Multiple_Regression'!$B$325*'2_Cleaned_Data'!E81+'5_Multiple_Regression'!$B$326*'2_Cleaned_Data'!F81+'5_Multiple_Regression'!$B$327*'2_Cleaned_Data'!G81+'5_Multiple_Regression'!$B$328*'2_Cleaned_Data'!I81+'5_Multiple_Regression'!$B$329*IF('2_Cleaned_Data'!D81="Airport",1,0)+'5_Multiple_Regression'!$B$330*IF('2_Cleaned_Data'!D81="High Street",1,0)+'5_Multiple_Regression'!$B$331*IF('2_Cleaned_Data'!D81="Mall",1,0) -> 643742.09 | G84: =E84-F84 -> -22372.511 | H84: =G84/E84*100 -> -3.600516
A85: ='2_Cleaned_Data'!A85 -> STR-1022 | B85: ='2_Cleaned_Data'!B85 -> 45658 | C85: ='2_Cleaned_Data'!C85 -> West | D85: ='2_Cleaned_Data'!D85 -> High Street | E85: ='2_Cleaned_Data'!M85 -> 574436.29 | F85: ='5_Multiple_Regression'!$B$324+'5_Multiple_Regression'!$B$325*'2_Cleaned_Data'!E85+'5_Multiple_Regression'!$B$326*'2_Cleaned_Data'!F85+'5_Multiple_Regression'!$B$327*'2_Cleaned_Data'!G85+'5_Multiple_Regression'!$B$328*'2_Cleaned_Data'!I85+'5_Multiple_Regression'!$B$329*IF('2_Cleaned_Data'!D85="Airport",1,0)+'5_Multiple_Regression'!$B$330*IF('2_Cleaned_Data'!D85="High Street",1,0)+'5_Multiple_Regression'!$B$331*IF('2_Cleaned_Data'!D85="Mall",1,0) -> 556182.66 | G85: =E85-F85 -> 18253.629 | H85: =G85/E85*100 -> 3.1776594
A86: ='2_Cleaned_Data'!A87 -> STR-1022 | B86: ='2_Cleaned_Data'!B87 -> 45748 | C86: ='2_Cleaned_Data'!C87 -> West | D86: ='2_Cleaned_Data'!D87 -> High Street | E86: ='2_Cleaned_Data'!M87 -> 450711.92 | F86: ='5_Multiple_Regression'!$B$324+'5_Multiple_Regression'!$B$325*'2_Cleaned_Data'!E87+'5_Multiple_Regression'!$B$326*'2_Cleaned_Data'!F87+'5_Multiple_Regression'!$B$327*'2_Cleaned_Data'!G87+'5_Multiple_Regression'!$B$328*'2_Cleaned_Data'!I87+'5_Multiple_Regression'!$B$329*IF('2_Cleaned_Data'!D87="Airport",1,0)+'5_Multiple_Regression'!$B$330*IF('2_Cleaned_Data'!D87="High Street",1,0)+'5_Multiple_Regression'!$B$331*IF('2_Cleaned_Data'!D87="Mall",1,0) -> 453228.38 | G86: =E86-F86 -> -2516.4588 | H86: =G86/E86*100 -> -0.55832976
A87: ='2_Cleaned_Data'!A86 -> STR-1022 | B87: ='2_Cleaned_Data'!B86 -> 45717 | C87: ='2_Cleaned_Data'!C86 -> West | D87: ='2_Cleaned_Data'!D86 -> High Street | E87: ='2_Cleaned_Data'!M86 -> 614596.32 | F87: ='5_Multiple_Regression'!$B$324+'5_Multiple_Regression'!$B$325*'2_Cleaned_Data'!E86+'5_Multiple_Regression'!$B$326*'2_Cleaned_Data'!F86+'5_Multiple_Regression'!$B$327*'2_Cleaned_Data'!G86+'5_Multiple_Regression'!$B$328*'2_Cleaned_Data'!I86+'5_Multiple_Regression'!$B$329*IF('2_Cleaned_Data'!D86="Airport",1,0)+'5_Multiple_Regression'!$B$330*IF('2_Cleaned_Data'!D86="High Street",1,0)+'5_Multiple_Regression'!$B$331*IF('2_Cleaned_Data'!D86="Mall",1,0) -> 617515.76 | G87: =E87-F87 -> -2919.444 | H87: =G87/E87*100 -> -0.47501815
A88: ='2_Cleaned_Data'!A88 -> STR-1023 | B88: ='2_Cleaned_Data'!B88 -> 45658 | C88: ='2_Cleaned_Data'!C88 -> South | D88: ='2_Cleaned_Data'!D88 -> Mall | E88: ='2_Cleaned_Data'!M88 -> 711213.46 | F88: ='5_Multiple_Regression'!$B$324+'5_Multiple_Regression'!$B$325*'2_Cleaned_Data'!E88+'5_Multiple_Regression'!$B$326*'2_Cleaned_Data'!F88+'5_Multiple_Regression'!$B$327*'2_Cleaned_Data'!G88+'5_Multiple_Regression'!$B$328*'2_Cleaned_Data'!I88+'5_Multiple_Regression'!$B$329*IF('2_Cleaned_Data'!D88="Airport",1,0)+'5_Multiple_Regression'!$B$330*IF('2_Cleaned_Data'!D88="High Street",1,0)+'5_Multiple_Regression'!$B$331*IF('2_Cleaned_Data'!D88="Mall",1,0) -> 680697.72 | G88: =E88-F88 -> 30515.742 | H88: =G88/E88*100 -> 4.2906586
A89: ='2_Cleaned_Data'!A91 -> STR-1023 | B89: ='2_Cleaned_Data'!B91 -> 45748 | C89: ='2_Cleaned_Data'!C91 -> South | D89: ='2_Cleaned_Data'!D91 -> Mall | E89: ='2_Cleaned_Data'!M91 -> 586307.22 | F89: ='5_Multiple_Regression'!$B$324+'5_Multiple_Regression'!$B$325*'2_Cleaned_Data'!E91+'5_Multiple_Regression'!$B$326*'2_Cleaned_Data'!F91+'5_Multiple_Regression'!$B$327*'2_Cleaned_Data'!G91+'5_Multiple_Regression'!$B$328*'2_Cleaned_Data'!I91+'5_Multiple_Regression'!$B$329*IF('2_Cleaned_Data'!D91="Airport",1,0)+'5_Multiple_Regression'!$B$330*IF('2_Cleaned_Data'!D91="High Street",1,0)+'5_Multiple_Regression'!$B$331*IF('2_Cleaned_Data'!D91="Mall",1,0) -> 561384.92 | G89: =E89-F89 -> 24922.301 | H89: =G89/E89*100 -> 4.2507239
A90: ='2_Cleaned_Data'!A90 -> STR-1023 | B90: ='2_Cleaned_Data'!B90 -> 45717 | C90: ='2_Cleaned_Data'!C90 -> South | D90: ='2_Cleaned_Data'!D90 -> Mall | E90: ='2_Cleaned_Data'!M90 -> 739852.58 | F90: ='5_Multiple_Regression'!$B$324+'5_Multiple_Regression'!$B$325*'2_Cleaned_Data'!E90+'5_Multiple_Regression'!$B$326*'2_Cleaned_Data'!F90+'5_Multiple_Regression'!$B$327*'2_Cleaned_Data'!G90+'5_Multiple_Regression'!$B$328*'2_Cleaned_Data'!I90+'5_Multiple_Regression'!$B$329*IF('2_Cleaned_Data'!D90="Airport",1,0)+'5_Multiple_Regression'!$B$330*IF('2_Cleaned_Data'!D90="High Street",1,0)+'5_Multiple_Regression'!$B$331*IF('2_Cleaned_Data'!D90="Mall",1,0) -> 717581.96 | G90: =E90-F90 -> 22270.617 | H90: =G90/E90*100 -> 3.0101424
A91: ='2_Cleaned_Data'!A89 -> STR-1023 | B91: ='2_Cleaned_Data'!B89 -> 45689 | C91: ='2_Cleaned_Data'!C89 -> South | D91: ='2_Cleaned_Data'!D89 -> Mall | E91: ='2_Cleaned_Data'!M89 -> 627171.9 | F91: ='5_Multiple_Regression'!$B$324+'5_Multiple_Regression'!$B$325*'2_Cleaned_Data'!E89+'5_Multiple_Regression'!$B$326*'2_Cleaned_Data'!F89+'5_Multiple_Regression'!$B$327*'2_Cleaned_Data'!G89+'5_Multiple_Regression'!$B$328*'2_Cleaned_Data'!I89+'5_Multiple_Regression'!$B$329*IF('2_Cleaned_Data'!D89="Airport",1,0)+'5_Multiple_Regression'!$B$330*IF('2_Cleaned_Data'!D89="High Street",1,0)+'5_Multiple_Regression'!$B$331*IF('2_Cleaned_Data'!D89="Mall",1,0) -> 754728.77 | G91: =E91-F91 -> -127556.87 | H91: =G91/E91*100 -> -20.338423
A92: ='2_Cleaned_Data'!A94 -> STR-1024 | B92: ='2_Cleaned_Data'!B94 -> 45717 | C92: ='2_Cleaned_Data'!C94 -> West | D92: ='2_Cleaned_Data'!D94 -> Residential | E92: ='2_Cleaned_Data'!M94 -> 838250.32 | F92: ='5_Multiple_Regression'!$B$324+'5_Multiple_Regression'!$B$325*'2_Cleaned_Data'!E94+'5_Multiple_Regression'!$B$326*'2_Cleaned_Data'!F94+'5_Multiple_Regression'!$B$327*'2_Cleaned_Data'!G94+'5_Multiple_Regression'!$B$328*'2_Cleaned_Data'!I94+'5_Multiple_Regression'!$B$329*IF('2_Cleaned_Data'!D94="Airport",1,0)+'5_Multiple_Regression'!$B$330*IF('2_Cleaned_Data'!D94="High Street",1,0)+'5_Multiple_Regression'!$B$331*IF('2_Cleaned_Data'!D94="Mall",1,0) -> 760356.59 | G92: =E92-F92 -> 77893.727 | H92: =G92/E92*100 -> 9.2924184
A93: ='2_Cleaned_Data'!A93 -> STR-1024 | B93: ='2_Cleaned_Data'!B93 -> 45689 | C93: ='2_Cleaned_Data'!C93 -> West | D93: ='2_Cleaned_Data'!D93 -> Residential | E93: ='2_Cleaned_Data'!M93 -> 753473.55 | F93: ='5_Multiple_Regression'!$B$324+'5_Multiple_Regression'!$B$325*'2_Cleaned_Data'!E93+'5_Multiple_Regression'!$B$326*'2_Cleaned_Data'!F93+'5_Multiple_Regression'!$B$327*'2_Cleaned_Data'!G93+'5_Multiple_Regression'!$B$328*'2_Cleaned_Data'!I93+'5_Multiple_Regression'!$B$329*IF('2_Cleaned_Data'!D93="Airport",1,0)+'5_Multiple_Regression'!$B$330*IF('2_Cleaned_Data'!D93="High Street",1,0)+'5_Multiple_Regression'!$B$331*IF('2_Cleaned_Data'!D93="Mall",1,0) -> 690914.05 | G93: =E93-F93 -> 62559.501 | H93: =G93/E93*100 -> 8.3028132
A94: ='2_Cleaned_Data'!A92 -> STR-1024 | B94: ='2_Cleaned_Data'!B92 -> 45658 | C94: ='2_Cleaned_Data'!C92 -> West | D94: ='2_Cleaned_Data'!D92 -> Residential | E94: ='2_Cleaned_Data'!M92 -> 585937.48 | F94: ='5_Multiple_Regression'!$B$324+'5_Multiple_Regression'!$B$325*'2_Cleaned_Data'!E92+'5_Multiple_Regression'!$B$326*'2_Cleaned_Data'!F92+'5_Multiple_Regression'!$B$327*'2_Cleaned_Data'!G92+'5_Multiple_Regression'!$B$328*'2_Cleaned_Data'!I92+'5_Multiple_Regression'!$B$329*IF('2_Cleaned_Data'!D92="Airport",1,0)+'5_Multiple_Regression'!$B$330*IF('2_Cleaned_Data'!D92="High Street",1,0)+'5_Multiple_Regression'!$B$331*IF('2_Cleaned_Data'!D92="Mall",1,0) -> 581891.22 | G94: =E94-F94 -> 4046.2618 | H94: =G94/E94*100 -> 0.69056203
A95: ='2_Cleaned_Data'!A95 -> STR-1024 | B95: ='2_Cleaned_Data'!B95 -> 45748 | C95: ='2_Cleaned_Data'!C95 -> West | D95: ='2_Cleaned_Data'!D95 -> Residential | E95: ='2_Cleaned_Data'!M95 -> 607898.12 | F95: ='5_Multiple_Regression'!$B$324+'5_Multiple_Regression'!$B$325*'2_Cleaned_Data'!E95+'5_Multiple_Regression'!$B$326*'2_Cleaned_Data'!F95+'5_Multiple_Regression'!$B$327*'2_Cleaned_Data'!G95+'5_Multiple_Regression'!$B$328*'2_Cleaned_Data'!I95+'5_Multiple_Regression'!$B$329*IF('2_Cleaned_Data'!D95="Airport",1,0)+'5_Multiple_Regression'!$B$330*IF('2_Cleaned_Data'!D95="High Street",1,0)+'5_Multiple_Regression'!$B$331*IF('2_Cleaned_Data'!D95="Mall",1,0) -> 614623.58 | G95: =E95-F95 -> -6725.4614 | H95: =G95/E95*100 -> -1.1063468
A96: ='2_Cleaned_Data'!A97 -> STR-1025 | B96: ='2_Cleaned_Data'!B97 -> 45689 | C96: ='2_Cleaned_Data'!C97 -> West | D96: ='2_Cleaned_Data'!D97 -> Mall | E96: ='2_Cleaned_Data'!M97 -> 735509.4 | F96: ='5_Multiple_Regression'!$B$324+'5_Multiple_Regression'!$B$325*'2_Cleaned_Data'!E97+'5_Multiple_Regression'!$B$326*'2_Cleaned_Data'!F97+'5_Multiple_Regression'!$B$327*'2_Cleaned_Data'!G97+'5_Multiple_Regression'!$B$328*'2_Cleaned_Data'!I97+'5_Multiple_Regression'!$B$329*IF('2_Cleaned_Data'!D97="Airport",1,0)+'5_Multiple_Regression'!$B$330*IF('2_Cleaned_Data'!D97="High Street",1,0)+'5_Multiple_Regression'!$B$331*IF('2_Cleaned_Data'!D97="Mall",1,0) -> 661657.29 | G96: =E96-F96 -> 73852.111 | H96: =G96/E96*100 -> 10.040947
A97: ='2_Cleaned_Data'!A98 -> STR-1025 | B97: ='2_Cleaned_Data'!B98 -> 45748 | C97: ='2_Cleaned_Data'!C98 -> West | D97: ='2_Cleaned_Data'!D98 -> Mall | E97: ='2_Cleaned_Data'!M98 -> 675177.68 | F97: ='5_Multiple_Regression'!$B$324+'5_Multiple_Regression'!$B$325*'2_Cleaned_Data'!E98+'5_Multiple_Regression'!$B$326*'2_Cleaned_Data'!F98+'5_Multiple_Regression'!$B$327*'2_Cleaned_Data'!G98+'5_Multiple_Regression'!$B$328*'2_Cleaned_Data'!I98+'5_Multiple_Regression'!$B$329*IF('2_Cleaned_Data'!D98="Airport",1,0)+'5_Multiple_Regression'!$B$330*IF('2_Cleaned_Data'!D98="High Street",1,0)+'5_Multiple_Regression'!$B$331*IF('2_Cleaned_Data'!D98="Mall",1,0) -> 652212.08 | G97: =E97-F97 -> 22965.604 | H97: =G97/E97*100 -> 3.4014163
A98: ='2_Cleaned_Data'!A96 -> STR-1025 | B98: ='2_Cleaned_Data'!B96 -> 45658 | C98: ='2_Cleaned_Data'!C96 -> West | D98: ='2_Cleaned_Data'!D96 -> Mall | E98: ='2_Cleaned_Data'!M96 -> 691113.62 | F98: ='5_Multiple_Regression'!$B$324+'5_Multiple_Regression'!$B$325*'2_Cleaned_Data'!E96+'5_Multiple_Regression'!$B$326*'2_Cleaned_Data'!F96+'5_Multiple_Regression'!$B$327*'2_Cleaned_Data'!G96+'5_Multiple_Regression'!$B$328*'2_Cleaned_Data'!I96+'5_Multiple_Regression'!$B$329*IF('2_Cleaned_Data'!D96="Airport",1,0)+'5_Multiple_Regression'!$B$330*IF('2_Cleaned_Data'!D96="High Street",1,0)+'5_Multiple_Regression'!$B$331*IF('2_Cleaned_Data'!D96="Mall",1,0) -> 698010.76 | G98: =E98-F98 -> -6897.1361 | H98: =G98/E98*100 -> -0.99797427
A99: ='2_Cleaned_Data'!A102 -> STR-1026 | B99: ='2_Cleaned_Data'!B102 -> 45748 | C99: ='2_Cleaned_Data'!C102 -> East | D99: ='2_Cleaned_Data'!D102 -> Mall | E99: ='2_Cleaned_Data'!M102 -> 625514.04 | F99: ='5_Multiple_Regression'!$B$324+'5_Multiple_Regression'!$B$325*'2_Cleaned_Data'!E102+'5_Multiple_Regression'!$B$326*'2_Cleaned_Data'!F102+'5_Multiple_Regression'!$B$327*'2_Cleaned_Data'!G102+'5_Multiple_Regression'!$B$328*'2_Cleaned_Data'!I102+'5_Multiple_Regression'!$B$329*IF('2_Cleaned_Data'!D102="Airport",1,0)+'5_Multiple_Regression'!$B$330*IF('2_Cleaned_Data'!D102="High Street",1,0)+'5_Multiple_Regression'!$B$331*IF('2_Cleaned_Data'!D102="Mall",1,0) -> 538285.8 | G99: =E99-F99 -> 87228.236 | H99: =G99/E99*100 -> 13.945048
A100: ='2_Cleaned_Data'!A99 -> STR-1026 | B100: ='2_Cleaned_Data'!B99 -> 45658 | C100: ='2_Cleaned_Data'!C99 -> East | D100: ='2_Cleaned_Data'!D99 -> Mall | E100: ='2_Cleaned_Data'!M99 -> 635181.35 | F100: ='5_Multiple_Regression'!$B$324+'5_Multiple_Regression'!$B$325*'2_Cleaned_Data'!E99+'5_Multiple_Regression'!$B$326*'2_Cleaned_Data'!F99+'5_Multiple_Regression'!$B$327*'2_Cleaned_Data'!G99+'5_Multiple_Regression'!$B$328*'2_Cleaned_Data'!I99+'5_Multiple_Regression'!$B$329*IF('2_Cleaned_Data'!D99="Airport",1,0)+'5_Multiple_Regression'!$B$330*IF('2_Cleaned_Data'!D99="High Street",1,0)+'5_Multiple_Regression'!$B$331*IF('2_Cleaned_Data'!D99="Mall",1,0) -> 598008.62 | G100: =E100-F100 -> 37172.727 | H100: =G100/E100*100 -> 5.8523014
...

Sheet 7_Model_Comparison
A1: Model Comparison — R-squared values and key metrics pulled from Sheets 4 and 5
A3: Model | B3: Dependent Variable | C3: Independent Variables | D3: R-squared | E3: Adj R-squared | F3: Key Significant Variables | G3: Business Usefulness | H3: Recommended?
A4: Simple Model 1 (marketing_spend) | B4: monthly_sales | C4: marketing_spend | D4: ='4_Simple_Regression'!$B$7 -> 0.15742646 | E4: n/a | F4: marketing_spend (p<0.001) | G4: Low-Moderate | H4: No
A5: Simple Model 2 (footfall) | B5: monthly_sales | C5: footfall | D5: ='4_Simple_Regression'!$B$19 -> 0.73484317 | E5: n/a | F5: footfall (p<0.001) | G5: High | H5: No
A6: Simple Model 3 (customer_rating) | B6: monthly_sales | C6: customer_rating | D6: ='4_Simple_Regression'!$B$31 -> 0.00069196261 | E6: n/a | F6: None (p=0.647, NS) | G6: None | H6: No
A7: Multiple Regression — FINAL | B7: monthly_sales | C7: marketing_spend, footfall, avg_discount_pct, inventory_availability_pct + 3 store dummy variables | D7: ='5_Multiple_Regression'!$B$317 -> 0.81592771 | E7: ='5_Multiple_Regression'!$B$318 -> 0.81160386 | F7: footfall***, marketing_spend***, inventory_avail***, store_Airport***, store_Mall***, store_HighStreet* | G7: High | H7: YES

Sheet 8_Residual_Plots
A1: Top 5 Positive Residuals
A2: store_id | B2: month | C2: region | D2: store_type | E2: actual_sales ($) | F2: predicted_sales ($) | G2: residual ($) | AA2: actual_sales ($) | AB2: predicted_sales ($) | AD2: predicted_sales ($) | AE2: residual ($) | AH2: monthly_sales | AI2: footfall
A3: ='2_Cleaned_Data'!A116 -> STR-1030 | B3: ='2_Cleaned_Data'!B116 -> 45689 | C3: ='2_Cleaned_Data'!C116 -> West | D3: ='2_Cleaned_Data'!D116 -> Residential | E3: ='2_Cleaned_Data'!M116 -> 820519.04 | F3: ='5_Multiple_Regression'!$B$324+'5_Multiple_Regression'!$B$325*'2_Cleaned_Data'!E116+'5_Multiple_Regression'!$B$326*'2_Cleaned_Data'!F116+'5_Multiple_Regression'!$B$327*'2_Cleaned_Data'!G116+'5_Multiple_Regression'!$B$328*'2_Cleaned_Data'!I116+'5_Multiple_Regression'!$B$329*IF('2_Cleaned_Data'!D116="Airport",1,0)+'5_Multiple_Regression'!$B$330*IF('2_Cleaned_Data'!D116="High Street",1,0)+'5_Multiple_Regression'!$B$331*IF('2_Cleaned_Data'!D116="Mall",1,0) -> 717684.66 | G3: =E3-F3 -> 102834.38 | AA3: 658832.62 | AB3: 708513.16 | AD3: 708513.16 | AE3: -49680.538 | AH3: 658832.62 | AI3: 8302
A4: ='2_Cleaned_Data'!A123 -> STR-1032 | B4: ='2_Cleaned_Data'!B123 -> 45658 | C4: ='2_Cleaned_Data'!C123 -> South | D4: ='2_Cleaned_Data'!D123 -> High Street | E4: ='2_Cleaned_Data'!M123 -> 914544.17 | F4: ='5_Multiple_Regression'!$B$324+'5_Multiple_Regression'!$B$325*'2_Cleaned_Data'!E123+'5_Multiple_Regression'!$B$326*'2_Cleaned_Data'!F123+'5_Multiple_Regression'!$B$327*'2_Cleaned_Data'!G123+'5_Multiple_Regression'!$B$328*'2_Cleaned_Data'!I123+'5_Multiple_Regression'!$B$329*IF('2_Cleaned_Data'!D123="Airport",1,0)+'5_Multiple_Regression'!$B$330*IF('2_Cleaned_Data'!D123="High Street",1,0)+'5_Multiple_Regression'!$B$331*IF('2_Cleaned_Data'!D123="Mall",1,0) -> 815637.11 | G4: =E4-F4 -> 98907.057 | AA4: 634436 | AB4: 703686.18 | AD4: 703686.18 | AE4: -69250.177 | AH4: 634436 | AI4: 8487
A5: ='2_Cleaned_Data'!A281 -> STR-1073 | B5: ='2_Cleaned_Data'!B281 -> 45717 | C5: ='2_Cleaned_Data'!C281 -> East | D5: ='2_Cleaned_Data'!D281 -> Residential | E5: ='2_Cleaned_Data'!M281 -> 813316.71 | F5: ='5_Multiple_Regression'!$B$324+'5_Multiple_Regression'!$B$325*'2_Cleaned_Data'!E281+'5_Multiple_Regression'!$B$326*'2_Cleaned_Data'!F281+'5_Multiple_Regression'!$B$327*'2_Cleaned_Data'!G281+'5_Multiple_Regression'!$B$328*'2_Cleaned_Data'!I281+'5_Multiple_Regression'!$B$329*IF('2_Cleaned_Data'!D281="Airport",1,0)+'5_Multiple_Regression'!$B$330*IF('2_Cleaned_Data'!D281="High Street",1,0)+'5_Multiple_Regression'!$B$331*IF('2_Cleaned_Data'!D281="Mall",1,0) -> 716285.37 | G5: =E5-F5 -> 97031.341 | AA5: 678722.06 | AB5: 755456.45 | AD5: 755456.45 | AE5: -76734.391 | AH5: 678722.06 | AI5: 9113
A6: ='2_Cleaned_Data'!A110 -> STR-1028 | B6: ='2_Cleaned_Data'!B110 -> 45748 | C6: ='2_Cleaned_Data'!C110 -> East | D6: ='2_Cleaned_Data'!D110 -> Mall | E6: ='2_Cleaned_Data'!M110 -> 713611.16 | F6: ='5_Multiple_Regression'!$B$324+'5_Multiple_Regression'!$B$325*'2_Cleaned_Data'!E110+'5_Multiple_Regression'!$B$326*'2_Cleaned_Data'!F110+'5_Multiple_Regression'!$B$327*'2_Cleaned_Data'!G110+'5_Multiple_Regression'!$B$328*'2_Cleaned_Data'!I110+'5_Multiple_Regression'!$B$329*IF('2_Cleaned_Data'!D110="Airport",1,0)+'5_Multiple_Regression'!$B$330*IF('2_Cleaned_Data'!D110="High Street",1,0)+'5_Multiple_Regression'!$B$331*IF('2_Cleaned_Data'!D110="Mall",1,0) -> 617601.63 | G6: =E6-F6 -> 96009.535 | AA6: 658920.3 | AB6: 758994.29 | AD6: 758994.29 | AE6: -100073.99 | AH6: 658920.3 | AI6: 9431
A7: ='2_Cleaned_Data'!A194 -> STR-1050 | B7: ='2_Cleaned_Data'!B194 -> 45748 | C7: ='2_Cleaned_Data'!C194 -> North | D7: ='2_Cleaned_Data'!D194 -> Residential | E7: ='2_Cleaned_Data'!M194 -> 735786.64 | F7: ='5_Multiple_Regression'!$B$324+'5_Multiple_Regression'!$B$325*'2_Cleaned_Data'!E194+'5_Multiple_Regression'!$B$326*'2_Cleaned_Data'!F194+'5_Multiple_Regression'!$B$327*'2_Cleaned_Data'!G194+'5_Multiple_Regression'!$B$328*'2_Cleaned_Data'!I194+'5_Multiple_Regression'!$B$329*IF('2_Cleaned_Data'!D194="Airport",1,0)+'5_Multiple_Regression'!$B$330*IF('2_Cleaned_Data'!D194="High Street",1,0)+'5_Multiple_Regression'!$B$331*IF('2_Cleaned_Data'!D194="Mall",1,0) -> 640920.91 | G7: =E7-F7 -> 94865.73 | AA7: 850164.26 | AB7: 782816.7 | AD7: 782816.7 | AE7: 67347.561 | AH7: 741341.44 | AI7: 9545
AA8: 806615.54 | AB8: 797090.34 | AD8: 797090.34 | AE8: 9525.1959 | AH8: 761835.34 | AI8: 9792
A9: Top 5 Negative Residuals | AA9: 761835.34 | AB9: 788711.14 | AD9: 788711.14 | AE9: -26875.804 | AH9: 806615.54 | AI9: 10616
A10: store_id | B10: month | C10: region | D10: store_type | E10: actual_sales ($) | F10: predicted_sales ($) | G10: residual ($) | AA10: 741341.44 | AB10: 792842.63 | AD10: 792842.63 | AE10: -51501.187 | AH10: 850164.26 | AI10: 8567
A11: ='2_Cleaned_Data'!A68 -> STR-1017 | B11: ='2_Cleaned_Data'!B68 -> 45717 | C11: ='2_Cleaned_Data'!C68 -> West | D11: ='2_Cleaned_Data'!D68 -> High Street | E11: ='2_Cleaned_Data'!M68 -> 685379.08 | F11: ='5_Multiple_Regression'!$B$324+'5_Multiple_Regression'!$B$325*'2_Cleaned_Data'!E68+'5_Multiple_Regression'!$B$326*'2_Cleaned_Data'!F68+'5_Multiple_Regression'!$B$327*'2_Cleaned_Data'!G68+'5_Multiple_Regression'!$B$328*'2_Cleaned_Data'!I68+'5_Multiple_Regression'!$B$329*IF('2_Cleaned_Data'!D68="Airport",1,0)+'5_Multiple_Regression'!$B$330*IF('2_Cleaned_Data'!D68="High Street",1,0)+'5_Multiple_Regression'!$B$331*IF('2_Cleaned_Data'!D68="Mall",1,0) -> 842418.23 | G11: =E11-F11 -> -157039.15 | AA11: 930581.7 | AB11: 865496.84 | AD11: 865496.84 | AE11: 65084.857 | AH11: 930581.7 | AI11: 10979
A12: ='2_Cleaned_Data'!A89 -> STR-1023 | B12: ='2_Cleaned_Data'!B89 -> 45689 | C12: ='2_Cleaned_Data'!C89 -> South | D12: ='2_Cleaned_Data'!D89 -> Mall | E12: ='2_Cleaned_Data'!M89 -> 627171.9 | F12: ='5_Multiple_Regression'!$B$324+'5_Multiple_Regression'!$B$325*'2_Cleaned_Data'!E89+'5_Multiple_Regression'!$B$326*'2_Cleaned_Data'!F89+'5_Multiple_Regression'!$B$327*'2_Cleaned_Data'!G89+'5_Multiple_Regression'!$B$328*'2_Cleaned_Data'!I89+'5_Multiple_Regression'!$B$329*IF('2_Cleaned_Data'!D89="Airport",1,0)+'5_Multiple_Regression'!$B$330*IF('2_Cleaned_Data'!D89="High Street",1,0)+'5_Multiple_Regression'!$B$331*IF('2_Cleaned_Data'!D89="Mall",1,0) -> 754728.77 | G12: =E12-F12 -> -127556.87 | AA12: 910791.94 | AB12: 871529.07 | AD12: 871529.07 | AE12: 39262.869 | AH12: 779010.94 | AI12: 9459
A13: ='2_Cleaned_Data'!A46 -> STR-1012 | B13: ='2_Cleaned_Data'!B46 -> 45658 | C13: ='2_Cleaned_Data'!C46 -> West | D13: ='2_Cleaned_Data'!D46 -> Residential | E13: ='2_Cleaned_Data'!M46 -> 595467.6 | F13: ='5_Multiple_Regression'!$B$324+'5_Multiple_Regression'!$B$325*'2_Cleaned_Data'!E46+'5_Multiple_Regression'!$B$326*'2_Cleaned_Data'!F46+'5_Multiple_Regression'!$B$327*'2_Cleaned_Data'!G46+'5_Multiple_Regression'!$B$328*'2_Cleaned_Data'!I46+'5_Multiple_Regression'!$B$329*IF('2_Cleaned_Data'!D46="Airport",1,0)+'5_Multiple_Regression'!$B$330*IF('2_Cleaned_Data'!D46="High Street",1,0)+'5_Multiple_Regression'!$B$331*IF('2_Cleaned_Data'!D46="Mall",1,0) -> 718262.02 | G13: =E13-F13 -> -122794.42 | AA13: 779010.94 | AB13: 799677.98 | AD13: 799677.98 | AE13: -20667.042 | AH13: 723060.76 | AI13: 9172
A14: ='2_Cleaned_Data'!A35 -> STR-1009 | B14: ='2_Cleaned_Data'!B35 -> 45658 | C14: ='2_Cleaned_Data'!C35 -> North | D14: ='2_Cleaned_Data'!D35 -> Residential | E14: ='2_Cleaned_Data'!M35 -> 641865.03 | F14: ='5_Multiple_Regression'!$B$324+'5_Multiple_Regression'!$B$325*'2_Cleaned_Data'!E35+'5_Multiple_Regression'!$B$326*'2_Cleaned_Data'!F35+'5_Multiple_Regression'!$B$327*'2_Cleaned_Data'!G35+'5_Multiple_Regression'!$B$328*'2_Cleaned_Data'!I35+'5_Multiple_Regression'!$B$329*IF('2_Cleaned_Data'!D35="Airport",1,0)+'5_Multiple_Regression'!$B$330*IF('2_Cleaned_Data'!D35="High Street",1,0)+'5_Multiple_Regression'!$B$331*IF('2_Cleaned_Data'!D35="Mall",1,0) -> 743673.69 | G14: =E14-F14 -> -101808.66 | AA14: 723060.76 | AB14: 760415.21 | AD14: 760415.21 | AE14: -37354.446 | AH14: 910791.94 | AI14: 11230
A15: ='2_Cleaned_Data'!A6 -> STR-1001 | B15: ='2_Cleaned_Data'!B6 -> 45748 | C15: ='2_Cleaned_Data'!C6 -> East | D15: ='2_Cleaned_Data'!D6 -> Residential | E15: ='2_Cleaned_Data'!M6 -> 658920.3 | F15: ='5_Multiple_Regression'!$B$324+'5_Multiple_Regression'!$B$325*'2_Cleaned_Data'!E6+'5_Multiple_Regression'!$B$326*'2_Cleaned_Data'!F6+'5_Multiple_Regression'!$B$327*'2_Cleaned_Data'!G6+'5_Multiple_Regression'!$B$328*'2_Cleaned_Data'!I6+'5_Multiple_Regression'!$B$329*IF('2_Cleaned_Data'!D6="Airport",1,0)+'5_Multiple_Regression'!$B$330*IF('2_Cleaned_Data'!D6="High Street",1,0)+'5_Multiple_Regression'!$B$331*IF('2_Cleaned_Data'!D6="Mall",1,0) -> 758994.29 | G15: =E15-F15 -> -100073.99 | AA15: 922168.6 | AB15: 875463.03 | AD15: 875463.03 | AE15: 46705.573 | AH15: 922168.6 | AI15: 12775
AA16: 834017.02 | AB16: 809037.06 | AD16: 809037.06 | AE16: 24979.965 | AH16: 726606.28 | AI16: 10054
AA17: 746501.09 | AB17: 745291.37 | AD17: 745291.37 | AE17: 1209.7234 | AH17: 746501.09 | AI17: 8895
AA18: 726606.28 | AB18: 772743.45 | AD18: 772743.45 | AE18: -46137.173 | AH18: 834017.02 | AI18: 10940
AA19: 591619.95 | AB19: 590748 | AD19: 590748 | AE19: 871.94657 | AH19: 666152.52 | AI19: 7057
AA20: 666152.52 | AB20: 679455.32 | AD20: 679455.32 | AE20: -13302.799 | AH20: 573155.19 | AI20: 4263
AA21: 666573.2 | AB21: 681628.21 | AD21: 681628.21 | AE21: -15055.01 | AH21: 666573.2 | AI21: 5538
AA22: 573155.19 | AB22: 591157.94 | AD22: 591157.94 | AE22: -18002.746 | AH22: 591619.95 | AI22: 4865
AA23: 555929.4 | AB23: 523364.68 | AD23: 523364.68 | AE23: 32564.72 | AH23: 415721.82 | AI23: 2822
AA24: 565810.99 | AB24: 546645.6 | AD24: 546645.6 | AE24: 19165.386 | AH24: 491905.13 | AI24: 2121
AA25: 491905.13 | AB25: 488934.99 | AD25: 488934.99 | AE25: 2970.1352 | AH25: 555929.4 | AI25: 3364
AA26: 415721.82 | AB26: 495424.87 | AD26: 495424.87 | AE26: -79703.054 | AH26: 565810.99 | AI26: 2613
AA27: 701641.97 | AB27: 699081.67 | AD27: 699081.67 | AE27: 2560.3038 | AH27: 811771.14 | AI27: 10218
... AA308: 620264.2 | AB308: 669745.61 | AD308: 669745.61 | AE308: -49481.414 | AH308: 559660.84 | AI308: 5317
